No	音	英語	日本語	☑	✖
1		
as a result
結果として，その結果(接続詞)
	0
2		
however
しかしながら，どんなに～でも(副詞)
	0
3		
environment
環境，状況(名詞)
	0
4		
reduce
を減らす，縮小する(動詞)
	0
5		
instead
代わりに，その代わり(副詞)
	0
6		
in order to
～するために，～の目的で(熟語)
	0
7		
vehicle
乗り物，車(名詞)
	0
8		
recommend
を推薦する，を勧める(動詞)
	0
9		
improve
を改善する，改良する(動詞)
	0
10		
recently
最近，このごろ(副詞)
	0
11		
customer
顧客，お客様(名詞)
	0
12		
several
幾つかの，いくらかの(形容詞)
	0
13		
discover
を発見する，見つける(動詞)
	0
14		
common
共通の，共同の(形容詞)
	0
15		
in particular
特に，とりわけ(熟語)
	0
16		
disturb
を阻害する，(人の)邪魔をする(動詞)
	0
17		
moreover
さらに，その上(副詞)
	0
18		
not only A but also B
AだけでなくBもまた，Aと同様Bも(接続詞)
	0
19		
a number of
たくさんの，多数の(熟語)
	0
20		
be likely to
する可能性が高い，しそうになる(熟語)
	0
21		
benefit
利益/に利益をもたらす(名詞/動詞)
	0
22		
deal with
に対処する，に対応する(熟語)
	0
23		
solution
解決法，解明(名詞)
	0
24		
inform
情報を与える，に知らせる(動詞)
	0
25		
unable
できない，不能である(形容詞)
	0
26		
disease
病気，疾患(名詞)
	0
27		
therefore
それゆえ，だから(副詞)
	0
28		
unfortunately
残念なことに，不幸にも(副詞)
	0
29		
device
装置，仕掛け(名詞)
	0
30		
attractive
魅力的な，興味をそそる(形容詞)
	0
31		
climate
気候，天候(名詞)
	0
32		
end up
最終的に，することになる(動詞)
	0
33		
evidence
証拠，証明(名詞)
	0
34		
estimate
を推定する，評価する(動詞)
	0
35		
argue
だと主張する，感情的に論じる(動詞)
	0
36		
according to
によると，との情報によれば(前置詞)
	0
37		
meanwhile
一方で，他方で(副詞)
	0
38		
entirely
完全に，全く(副詞)
	0
39		
publish
を出版する，発行する(動詞)
	0
40		
melt
溶ける，を溶かす(動詞)
	0
41		
expense
費用，出費，犠牲(名詞)
	0
42		
contain
を含む，が入っている(動詞)
	0
43		
similar
似ている，類似の(形容詞)
	0
44		
government
政府，行政府，内閣(名詞)
	0
45		
modern
現代的な，現代の(形容詞)
	0
46		
million
100万(名詞)
	0
47		
quit
やめる，中止する(動詞)
	0
48		
scientist
科学者，研究者(名詞)
	0
49		
pollution
汚染，汚れ，汚染物(名詞)
	0
50		
foundation
土台，根拠，設立(名詞)
	0
51		
remove
を取り除く，を除去する(動詞)
	0
52		
compare
を比較する，をたとえる(動詞)
	0
53		
replace
を取り換える，を交換する(動詞)
	0
54		
lead to
に導く，～につながる(熟語)
	0
55		
furthermore
さらに，その上(副詞)
	0
56		
result in
結果として，結果～になる(熟語)
	0
57		
profit
利益，もうけ(名詞)
	0
58		
remain
のままである，残る(動詞)
	0
59		
organize
を組織する，を編成する(動詞)
	0
60		
suffer from
で苦しむ，悩まされる(熟語)
	0
61		
emphasize
を強調する，力説する(動詞)
	0
62		
more and more
ますます多くの，更に(熟語)
	0
63		
experiment
実験，試み(名詞)
	0
64		
consume
を消費する，消耗する(動詞)
	0
65		
development
発展，発達，開発(名詞)
	0
66		
detect
を検出する，を感知する(動詞)
	0
67		
extremely
極端に，過度に(副詞)
	0
68		
employment
雇用，採用(名詞)
	0
69		
by chance
偶然に，たまたま(熟語)
	0
70		
unlike
と異なって，とは違って(前置詞)
	0
71		
properly
適切に，適当に(副詞)
	0
72		
repair
を修理する，修繕する(動詞)
	0
73		
in addition
追加として，さらに(接続詞)
	0
74		
complicated
複雑な，繁雑な(形容詞)
	0
75		
until
までに，まで(接続詞/前置詞)
	0
76		
on the other hand
一方で，他方で(接続詞)
	0
77		
arrest
を逮捕する，捕まえる(動詞)
	0
78		
betray
を裏切る，をだます(動詞)
	0
79		
survey
調査/を見渡す(名詞/動詞)
	0
80		
affect
に影響を与える，に作用する(動詞)
	0
81		
consider
について考える，だと見なす(動詞)
	0
82		
portable
持ち運べる，携帯用の(形容詞)
	0
83		
remind
に思い出させる，に気付かせる(動詞)
	0
84		
ability
能力，力量(名詞)
	0
85		
allow
を許可する，許す(動詞)
	0
86		
quality
質，特性(名詞)
	0
87		
construction
建設，構造，建造物(名詞)
	0
88		
develop
を発達させる，を開発する(動詞)
	0
89		
permission
許可，認可(名詞)
	0
90		
mess
混乱，錯乱，無秩序(名詞)
	0
91		
convert
を変える，転換する(動詞)
	0
92		
resident
住民，居住者(名詞)
	0
93		
provide
を供給する，提供する(動詞)
	0
94		
metal
金属，合金(名詞)
	0
95		
immediately
即座に，直ちに(副詞)
	0
96		
predict
を予想する，を予測する(動詞)
	0
97		
religion
宗教，信仰(名詞)
	0
98		
currency
通貨，流通(名詞)
	0
99		
restore
を元に戻す，を修復する(動詞)
	0
100		
accompany
に付き添う，に同行する(動詞)
	0
101		
in detail
詳細に，具体的に(熟語)
	0
102		
no longer
もはや～でない，既に～ない(熟語)
	0
103		
nevertheless
にも関わらず，けれども(接続詞)
	0
104		
probably
おそらく，大抵(副詞)
	0
105		
in contrast
対照的に，これに対して(接続詞)
	0
106		
for instance
例えば，たとえ… としても(熟語)
	0
107		
additionally
加えて，さらに，追加で(副詞)
	0
108		
anxiety
心配，不安(名詞)
	0
109		
for example
例えば，たとえ… としても(熟語)
	0
110		
brain
頭脳，脳(名詞)
	0
111		
certain
ある，確信している(形容詞)
	0
112		
pain
痛み，苦痛(名詞)
	0
113		
in response to
に応じて，に反応して(熟語)
	0
114		
stare at
をじっと見つめる，を凝視する(熟語)
	0
115		
involve
を含む，を巻き込む(動詞)
	0
116		
at the same time
同時に，一斉に(熟語)
	0
117		
preserved
保存された，保管された(形容詞)
	0
118		
be known as
として知られている，として認知されている(熟語)
	0
119		
accurate
正確な，的確な(形容詞)
	0
120		
analyze
を分析する，分解する(動詞)
	0
121		
a variety of
いろいろな，さまざまな(熟語)
	0
122		
obtain
を手に入れる，を獲得する(動詞)
	0
123		
sympathy
同情，思いやり(名詞)
	0
124		
flexibility
しなやかさ，弾力性，柔軟性(名詞)
	0
125		
approach
に近づく，接近する(動詞)
	0
126		
manage
何とかうまくやる，管理を行う(動詞)
	0
127		
reach out
手を延ばす，手を差し出す(熟語)
	0
128		
for fear of
を恐れて，を怖がって(熟語)
	0
129		
on behalf of
の代わりに，代わって(熟語)
	0
130		
on account of
のため，目的の(熟語)
	0
131		
artificial
人工的な，人造の(形容詞)
	0
132		
prevent A from B
AをBから防ぐ，AをBから保護する(熟語)
	0
133		
rather than
よりむしろ，ではなくて(接続詞)
	0
134		
slightly
わずかに，少し(副詞)
	0
135		
measure
措置，測るもの/を測る(動詞)
	0
136		
be born with
生まれつき，生来の(熟語)
	0
137		
waste
を浪費する/浪費，廃棄物(名詞)
	0
138		
since then
それ以来，それ以降(熟語)
	0
139		
turn A into B
AをBに(質的に)変える，AをBに(質的に)転換する(熟語)
	0
140		
fertilizer
肥料，育成剤(名詞)
	0
141		
made of
で出来ている，構成されている(熟語)
	0
142		
adopt
を自分のものにする，を取り入れる(動詞)
	0
143		
raise
を上げる，持ち上げる(動詞)
	0
144		
avoid
を避ける，を回避する(動詞)
	0
145		
make sure
を確かめる，必ず手配する(熟語)
	0
146		
participate in
に参加する，に加わる(熟語)
	0
147		
achieve
を達成する，到達する(動詞)
	0
148		
tolerate
に耐える，寛大に取り扱う(動詞)
	0
149		
journey
旅，旅行(名詞)
	0
150		
get along
うまくやる，仲良くやる(熟語)
	0
151		
keep up with
に遅れず付いていく，遅れないで追随する(熟語)
	0
152		
production
生産，製造(名詞)
	0
153		
cell
細胞，マス目(名詞)
	0
154		
such as
のような，似たような(熟語)
	0
155		
complete
完全な，全部の(形容詞)
	0
156		
annually
毎年の，年一回ずつ(副詞)
	0
157		
psychologist
心理学者，精神科学者(名詞)
	0
158		
invest in
に投資する，に資本を提供する(熟語)
	0
159		
demand
要求，需要/を要求する(名詞)
	0
160		
respond
反応する，と返答する(動詞)
	0
161		
valuable
貴重な，価値のある(形容詞)
	0
162		
witness
目撃者，証人/を目撃する(名詞)
	0
163		
poverty
貧困，貧乏，困窮(名詞)
	0
164		
embarrass
を恥ずかしがらせる，を恥じさせる(動詞)
	0
165		
enlarge
を拡大する，を広げる(動詞)
	0
166		
ingredient
材料，原料，成分(名詞)
	0
167		
overall
全体的な，全部の(形容詞)
	0
168		
spend
を費やす，使う(動詞)
	0
169		
purchase
を購入する/購入(動詞)
	0
170		
brilliant
優れた，光り輝く(形容詞)
	0
171		
revolution
革命，変革(名詞)
	0
172		
in charge of
の担当をして，担当している(熟語)
	0
173		
previously
以前は，前もって(副詞)
	0
174		
feature
特徴，特性/を目玉とする(名詞)
	0
175		
excuse
言い訳，弁解/を許す(名詞)
	0
176		
rely on
に頼る，を当てにする(熟語)
	0
177		
vote for
に賛成する，に投票する(熟語)
	0
178		
decrease
減少する，を減らす/減少(動詞)
	0
179		
frequent
頻繁な，しばしば起こる(形容詞)
	0
180		
theory
理論，学説(名詞)
	0
181		
gravity
重力，引力(名詞)
	0
182		
translate
を翻訳する，通訳する(動詞)
	0
183		
equipment
装置，設備(名詞)
	0
184		
rare
まれな，珍しい(形容詞)
	0
185		
decide
決心する，決定する(動詞)
	0
186		
bank account
銀行口座，貯金口座(熟語)
	0
187		
amount
量，額(名詞)
	0
188		
constant
絶え間ない，一定の(形容詞)
	0
189		
efficient
効率のいい，効率的な(形容詞)
	0
190		
available
利用できる，使用可能な(形容詞)
	0
191		
particular
特定の，明確な(形容詞)
	0
192		
locate
見つける，位置を突きとめる(動詞)
	0
193		
recommendation
推薦，推奨(名詞)
	0
194		
apply to
に適用する，に応用する(熟語)
	0
195		
politely
丁寧に，礼儀正しく(副詞)
	0
196		
accidentally
誤って，知らずに(副詞)
	0
197		
satisfy
を満足させる，を喜ばせる(動詞)
	0
198		
appointment
予定，約束(名詞)
	0
199		
chemical
化学物質/化学の(名詞)
	0
200		
attach
を貼り付ける，を貼る(動詞)
	0
201		
permit
を許可する，を認める(動詞)
	0
202		
prevent
を妨げる，予防する(動詞)
	0
203		
increase
を増やす，増大させる(動詞)
	0
204		
luxury
贅沢な/贅沢(名詞)
	0
205		
decade
10年間(名詞)
	0
206		
enormous
非常に大きい，極端に大きい(形容詞)
	0
207		
replacement
置換，代替(名詞)
	0
208		
in touch
連絡中，連絡が取れて(熟語)
	0
209		
confuse
を混乱させる，区別がつかない(動詞)
	0
210		
produce
を生産する，産出する(動詞)
	0
211		
economy
経済，節約(名詞)
	0
212		
celebrate
祝う，祝福する(動詞)
	0
213		
cope with
に対処する，に対応する(熟語)
	0
214		
imitate
模倣する，真似る(動詞)
	0
215		
assignment
割り当て，配分(名詞)
	0
216		
certainly
確かに，間違いなく(副詞)
	0
217		
behave
振る舞う，立ち振舞う(動詞)
	0
218		
instrument
楽器，音楽器具(名詞)
	0
219		
temporary
一時的な，短期的な(形容詞)
	0
220		
capable of
ができる，可能で(熟語)
	0
221		
arrange
整える，を配置する(動詞)
	0
222		
occasion
特定の時，行事，祭典(名詞)
	0
223		
take after
をまねる，に似る(熟語)
	0
224		
guilty of
罪を犯して，違法行為をして(熟語)
	0
225		
work out
練習する，運動する(熟語)
	0
226		
promote
を促進する，を推進する(動詞)
	0
227		
electricity
電力，電気(名詞)
	0
228		
composer
作曲，楽曲制作(名詞)
	0
229		
creature
生き物，生物(名詞)
	0
230		
substance
物質，実態(名詞)
	0
231		
graduate
を卒業する，を修了する(動詞)
	0
232		
furniture
家具，調度品(名詞)
	0
233		
medicine
薬，医薬品(名詞)
	0
234		
at last
ついに，やっと(熟語)
	0
235		
attitude
態度，姿勢(名詞)
	0
236		
borrow
を借りる，を借用する(動詞)
	0
237		
sufficient
十分な，足りている(形容詞)
	0
238		
hear from
から便りがある，連絡をもらう(熟語)
	0
239		
directly
直接，直接的に(副詞)
	0
240		
historic
由緒のある，歴史に残る(形容詞)
	0
241		
barely
かろうじて，やっと(副詞)
	0
242		
delete
を削除する，消す(動詞)
	0
243		
urgent
緊急の，急を要する(形容詞)
	0
244		
generous
気前のよい，寛容な(形容詞)
	0
245		
cruel
残酷な，ひどい(形容詞)
	0
246		
celebration
お祝い，祝典(名詞)
	0
247		
reflection
反響，反射(名詞)
	0
248		
concept
概念，観念(名詞)
	0
249		
whisper
ささやく，を耳打ちする(動詞)
	0
250		
deposit
お金を預ける，を預金する(動詞)
	0
251		
apology
謝罪，お詫び(名詞)
	0
252		
deceive
を欺く，をだます(動詞)
	0
253		
establish
を設立する，創設する(動詞)
	0
254		
endure
を我慢する，耐える(動詞)
	0
255		
disposal
処理，処分(動詞)
	0
256		
statistics
統計，数字(名詞)
	0
257		
compromise
妥協，和解(名詞)
	0
258		
terminal
終りの，末端の(形容詞)
	0
259		
formation
形成，構成(名詞)
	0
260		
envelope
封筒，封書(名詞)
	0
261		
quarrel
喧嘩，口論，言い争い(名詞)
	0
262		
handle
を手で扱う，に対処する/取っ手(動詞)
	0
263		
condition
状態，条件，情勢(名詞)
	0
264		
punish
を罰する，懲らしめる(動詞)
	0
265		
from time to time
時々，偶に(熟語)
	0
266		
in demand
需要のある，求められる(熟語)
	0
267		
stand out
目立つ，すぐれている(熟語)
	0
268		
in the meantime
とりあえず，それまでは(熟語)
	0
269		
to some extent
いくらか，ある程度(熟語)
	0
270		
at any cost
どんな犠牲を払っても，何がなんでも(熟語)
	0
271		
on the contrary
その反対で，それどころか(接続詞)
	0
272		
lose face
面子を失う，恥をかく(熟語)
	0
273		
answer for
責任を負う，引き受ける(熟語)
	0
274		
insist on
するように強く求める，強調する(熟語)
	0
275		
despite
にも関わらず，けれども(接続詞)
	0
276		
worth
の価値がある，（～するに）値する(形容詞)
	0
277		
not always
必ずしもではない，いつもとは限らない(熟語)
	0
278		
spread
を広げる，広がる(動詞)
	0
279		
at that time
あの時は，そのとき(熟語)
	0
280		
in common
共通して，一般的に(熟語)
	0
281		
be affected by
の影響を受ける，影響される(熟語)
	0
282		
luckily
幸いなことに，幸運にも(副詞)
	0
283		
not yet
まだ，今のところ(熟語)
	0
284		
in response
に応じて，に対応して(熟語)
	0
285		
have effects on
に影響を与える，に作用する(熟語)
	0
286		
taste
味，風味/な味がする(名詞)
	0
287		
in advance
前もって，事前に(熟語)
	0
288		
confident
自信のある，確信している(形容詞)
	0
289		
one day
ある日，いつか(熟語)
	0
290		
five senses
五感，感覚器官(熟語)
	0
291		
sight
見ること，視力(名詞)
	0
292		
electric
電気の，電力の(形容詞)
	0
293		
receive
を受理する，受け取る(動詞)
	0
294		
ankle
足首，くるぶし(名詞)
	0
295		
related to
に関連する，に関わる(熟語)
	0
296		
fear
を恐れる，恐がる/恐れ(名詞)
	0
297		
active
活動的な，活気のある(形容詞)
	0
298		
lesser
より少ない，いっそう少ない(形容詞)
	0
299		
degree
程度，度(名詞)
	0
300		
effect
効果，影響，結果(名詞)
	0
301		
cause
原因/の原因となる(動詞)
	0
302		
particularly
特に，とりわけ(副詞)
	0
303		
suffer
を患う，苦しむ(動詞)
	0
304		
immune
免疫の，免疫のある(形容詞)
	0
305		
disorder
無秩序，混乱(名詞)
	0
306		
mental
精神の，心の(形容詞)
	0
307		
physical
身体の，肉体の(形容詞)
	0
308		
intend to
するつもりである，する意図がある(熟語)
	0
309		
at present
現在は，今は(熟語)
	0
310		
make a difference
違いを生む，差をつける(熟語)
	0
311		
opportunity
機会，好機(名詞)
	0
312		
on purpose
故意に，わざと(熟語)
	0
313		
exceptionally
例外的に，非常に(副詞)
	0
314		
almost
ほとんど，たいてい(副詞)
	0
315		
characteristic
特有の，独特の(形容詞)
	0
316		
similar to
に似ている，類似している(熟語)
	0
317		
as to
に関して，について(接続詞)
	0
318		
civilization
文明，文明社会(名詞)
	0
319		
represent
を表す，を代表する(動詞)
	0
320		
collapse
崩壊する，つぶれる(動詞)
	0
321		
insult
を侮辱する，を罵る(動詞)
	0
322		
mixture
混合物，複合体(名詞)
	0
323		
isolated
孤立した，隔離された(形容詞)
	0
324		
punctual
規則正しい，時間通りの(形容詞)
	0
325		
responsible
責任がある，責任が伴う(形容詞)
	0
326		
frightened
恐ろしかった，怖かった(形容詞)
	0
327		
guarantee
を保証する/保証(動詞)
	0
328		
blame
を非難する，批判する(動詞)
	0
329		
anniversary
～周年，記念日(名詞)
	0
330		
violate
違反する，破る(動詞)
	0
331		
delay
を遅らせる，先延ばしにする(動詞)
	0
332		
surround
を取り囲む，を包囲する(動詞)
	0
333		
immigrate
移住する，移転する(動詞)
	0
334		
correct
正確な/を訂正する(形容詞)
	0
335		
landscape
風景，眺め(名詞)
	0
336		
instinct
直感，本能，勘(名詞)
	0
337		
policy
政策，方針(名詞)
	0
338		
obviously
明らかに，明白に(副詞)
	0
339		
strangely
不思議なことに，奇妙に(副詞)
	0
340		
chase
を追跡する，追いかける/追跡(動詞)
	0
341		
pour
を注ぐ，激しく降る(動詞)
	0
342		
at one time
一度に，同時に(熟語)
	0
343		
all the way
はるばる，わざわざ(熟語)
	0
344		
show up
現れる，出現する(熟語)
	0
345		
pull away
引き離す，引き剥がす(熟語)
	0
346		
try out
を試す，十分に試してみる(熟語)
	0
347		
break into
に押し入る，侵入する(熟語)
	0
348		
call it a day
終了する，仕事を切り上げる(熟語)
	0
349		
be awake
目を覚ましている，覚醒している(熟語)
	0
350		
issue
問題，（雑誌などの）号(名詞)
	0
351		
elderly
年配の，高齢の(形容詞)
	0
352		
brightness
輝度，明るさ(名詞)
	0
353		
have an effect on
に影響を及ぼす，影響する(熟語)
	0
354		
indoor
室内/屋内の(形容詞)
	0
355		
senior
ポストが上の/年上の人(形容詞)
	0
356		
natural
当然の，自然の(形容詞)
	0
357		
be adjusted to
に調整する，調節する(熟語)
	0
358		
specific
具体的な，特定の(形容詞)
	0
359		
heart rate
心拍数，脈拍(名詞)
	0
360		
be beneficial to
に有益である，役立つ(熟語)
	0
361		
what is called
いわゆる，通称(熟語)
	0
362		
symmetry
対称，左右対称(名詞)
	0
363		
each other
お互い，それぞれ(熟語)
	0
364		
advantage
有利，利点(名詞)
	0
365		
knee
膝(名詞)
	0
366		
check for
を調べる，確認する(熟語)
	0
367		
after all
結局，最終的に(熟語)
	0
368		
over time
超過勤務，延長時間(熟語)
	0
369		
What is more
さらに，その上(接続詞)
	0
370		
for some time
しばらくの間，一時的に(熟語)
	0
371		
at a time
１度に，同時に(熟語)
	0
372		
parking lot
駐車場，停車場(名詞)
	0
373		
all around the world
世界中の，全世界の(熟語)
	0
374		
copyright
著作権，版権(名詞)
	0
375		
charge
非難，料金，管理/に請求する(名詞)
	0
376		
director
監督，指導者，役員(名詞)
	0
377		
in reality
実際に，現実に(熟語)
	0
378		
actually
実際に，現実に(副詞)
	0
379		
compose
を構成する，作曲する(動詞)
	0
380		
greet
を出迎える，に挨拶する(動詞)
	0
381		
depend on
に頼る，依存する(熟語)
	0
382		
claim to do
することを主張する(熟語)
	0
383		
agree with
に賛成である，支持する(熟語)
	0
384		
it is common to hear
を聞くのが一般的です，よく聞かれる(熟語)
	0
385		
temple
お寺，寺院(名詞)
	0
386		
heritage
遺産，相続財産(名詞)
	0
387		
abroad
外国で，外国へ(副詞)
	0
388		
population
人口，国民(名詞)
	0
389		
bring
持って来る，連れてくる(動詞)
	0
390		
environmental
環境の，自然環境の(形容詞)
	0
391		
throw away
廃棄する，を捨てる(熟語)
	0
392		
garbage
生ゴミ，くず(名詞)
	0
393		
come up with
を思いつく，を考え出す(熟語)
	0
394		
environmentally
環境的に，情勢的に(副詞)
	0
395		
council
議会，会議(名詞)
	0
396		
carry out
を成し遂げる，実行する(熟語)
	0
397		
fuel
燃料，燃えやすいもの(名詞)
	0
398		
process
過程，手順/を加工処理する(名詞)
	0
399		
up to
～まで，～に至る(熟語)
	0
400		
turn into
に変わる，に転ずる(熟語)
	0
401		
cut down on
を切り詰める，節約する(熟語)
	0
402		
fossil fuel
化石燃料(名詞)
	0
403		
ban
を禁止する/禁止(動詞)
	0
404		
plastic bag
ビニール袋，プラスチック袋(名詞)
	0
405		
harm
害，危害/を害する(名詞)
	0
406		
unbelievable
信じられない，信じがたい(形容詞)
	0
407		
innocent
罪のない，無罪の(形容詞)
	0
408		
arrogant
傲慢な，横柄な(形容詞)
	0
409		
harbor
港，港湾(名詞)
	0
410		
temper
気性，かんしゃく(名詞)
	0
411		
legend
伝説，言い伝え(名詞)
	0
412		
fairly
かなり，公平に(副詞)
	0
413		
vague
漠然とした，あいまいな(形容詞)
	0
414		
harvest
収穫/を収穫する(動詞)
	0
415		
assistance
支援，手伝い(名詞)
	0
416		
conflict
対立，争い(名詞)
	0
417		
planet
惑星，天体(名詞)
	0
418		
ruin
を台無しにする，破滅する/破滅(動詞)
	0
419		
launch
発売する，船をおろす(動詞)
	0
420		
withdraw
を撤回する，引き下がる/引き出す(動詞)
	0
421		
refuse
を拒否する，拒む(動詞)
	0
422		
embrace
を抱きしめる，擁する(動詞)
	0
423		
overtake
追い越す，追いつく(動詞)
	0
424		
restrict
を制限する，を限定する(動詞)
	0
425		
instruction
指示，指導(名詞)
	0
426		
stock
株，在庫/を在庫に持つ(名詞)
	0
427		
competitor
競合他社，競争相手(名詞)
	0
428		
spectator
観客，見物人(名詞)
	0
429		
explorer
冒険者，探検家(名詞)
	0
430		
be filled with
で満たされている，充実している(熟語)
	0
431		
due to
が原因で，によって(熟語)
	0
432		
remind of
を思い出させる，気づかせる(熟語)
	0
433		
concentrate on
に集中する，専念する(熟語)
	0
434		
laugh at
を見て笑う，楽しむ(熟語)
	0
435		
well off
裕福な，富裕な(形容詞)
	0
436		
straight on
まっすぐに，直線的に(熟語)
	0
437		
far off
はるかかなたの，遠くの(熟語)
	0
438		
equal
同等，等しい(形容詞)
	0
439		
drop off
落ちる，落とす(熟語)
	0
440		
leave out
除外する，取り除く(熟語)
	0
441		
the other
もう一方の，反対側の(形容詞)
	0
442		
solve
を解決する，解消する(動詞)
	0
443		
be concerned with
に関係している，関連している(熟語)
	0
444		
childhood
子供時代，幼少期(名詞)
	0
445		
sustainable
存続可能な，持続可能な(形容詞)
	0
446		
leftover
残り物，食べ残し(名詞)
	0
447		
at most
多くとも，せいぜい(熟語)
	0
448		
because of
～が理由で，目的のために(熟語)
	0
449		
hundreds of
何百もの(熟語)
	0
450		
efficiency
効率，能率(名詞)
	0
451		
arrangement
配置，配列(名詞)
	0
452		
treat
を扱う，待遇する(動詞)
	0
453		
muscle
筋肉，筋力(名詞)
	0
454		
aspect
局面，側面，表情(名詞)
	0
455		
content
中身，内容，目次(名詞)
	0
456		
prescription
処方，処方箋(名詞)
	0
457		
anxious
心配した，不安な(形容詞)
	0
458		
ancient
古代の，大昔の(形容詞)
	0
459		
generously
惜しみなく，気前よく(副詞)
	0
460		
literature
文学，文芸(名詞)
	0
461		
do well
うまくやる，成功する(熟語)
	0
462		
deadline
締め切り，期限(名詞)
	0
463		
exception
例外，特例(名詞)
	0
464		
temporarily
一時的に，仮に(副詞)
	0
465		
provide A with B
AにBを提供する，AがBを供給する(熟語)
	0
466		
fund
基金，資金(名詞)
	0
467		
in the long run
長い目で見れば，長期間に(熟語)
	0
468		
accomplish
を成し遂げる，完成する(動詞)
	0
469		
introduce
紹介する，引き合わす(動詞)
	0
470		
overlap
重ねる，積む(動詞)
	0
471		
identify
を見分ける，識別する(動詞)
	0
472		
collaboration
共同，共作，協力(名詞)
	0
473		
detective
探偵，刑事，捜査官(名詞)
	0
474		
democracy
民主主義，民主制度(名詞)
	0
475		
modify
を変更する，を修正する(動詞)
	0
476		
stir
をかき混ぜる, 混ぜる(動詞)
	0
477		
roll
転がる, 転ぶ(動詞)
	0
478		
orbit
軌道, 軌跡(名詞)
	0
479		
frequently
頻繁に, たびたび(副詞)
	0
480		
emotionally
感情的に, 情緒的に(副詞)
	0
481		
evaluate
評価する，見積もる(動詞)
	0
482		
defend
を守る，保護する(動詞)
	0
483		
district
地域，地区(名詞)
	0
484		
purpose
目的，目標(名詞)
	0
485		
prayer
祈り，礼拝(名詞)
	0
486		
prospect
見込み，眺め(名詞)
	0
487		
victim
犠牲者，被害者(名詞)
	0
488		
distant
遠く離れた, 遠隔の(形容詞)
	0
489		
various
様々な，多様な(形容詞)
	0
490		
visible
目に見える, 可視的(形容詞)
	0
491		
wrap
を包む，巻きつける(動詞)
	0
492		
dig
を掘る，採掘する(動詞)
	0
493		
drop by
ちょっと立ち寄る, 立ち寄る(熟語)
	0
494		
take over
を引き継ぐ, 継承(熟語)
	0
495		
angle
角度, 角(名詞)
	0
496		
payment
支払い，支出(名詞)
	0
497		
look into
を調べる/調査(熟語)
	0
498		
in practice
実際には, 実際(熟語)
	0
499		
on schedule
予定通りに，計画通りに(熟語)
	0
500		
once
かつて，1度(副詞)
	0
501		
in fact
実際には, 実際(熟語)
	0
502		
publisher
出版社，出版会社(名詞)
	0
503		
look forward to
～を楽しみにする, 期待する(熟語)
	0
504		
dizzy
めまいがする，ふらふらする(形容詞)
	0
505		
as though
まるで，あたかも(接続詞)
	0
506		
be pleased with
を喜ぶ，喜びを感じる(熟語)
	0
507		
postpone
を延期する，を先送りする(動詞)
	0
508		
justify
正当化する，合理化する(動詞)
	0
509		
fulfill
満たす，充足する(動詞)
	0
510		
influence
影響，影響力，波及/影響を及ぼす(名詞)
	0
511		
capacity
容量，容積(名詞)
	0
512		
continent
大陸，陸地(名詞)
	0
513		
industry
産業，工業(名詞)
	0
514		
surface
表面，水面(名詞)
	0
515		
doubtfully
疑わしく，怪しい(副詞)
	0
516		
permanently
恒久的に，永遠に(副詞)
	0
517		
sensitive
敏感な，感じやすい(形容詞)
	0
518		
peaceful
平和な，安らかな(形容詞)
	0
519		
medical
医学の，医療の(形容詞)
	0
520		
critics
評論家，批評家(名詞)
	0
521		
explorers
探検家，冒険家(名詞)
	0
522		
obstacle
障害，妨害(名詞)
	0
523		
admit
を認める，入ることを許す(動詞)
	0
524		
react
反応する，返答する(動詞)
	0
525		
succeed
成功する，達成する(動詞)
	0
526		
disappear
消える，見えなくなる(動詞)
	0
527		
take A for granted
Aを当然のことと思う(熟語)
	0
528		
be familiar with
に馴染みがある(熟語)
	0
529		
beyond
～を越えたところに，～を超えた場所に(前置詞)
	0
530		
run away
逃げ去る，逃亡する(熟語)
	0
531		
pass out
気絶する，失神する(熟語)
	0
532		
think over
熟考する，よく考える(熟語)
	0
533		
put away
片付ける，整理する(熟語)
	0
534		
believe in
を信じる，を信用する(熟語)
	0
535		
calm down
落ち着く，安心する(熟語)
	0
536		
what is worse
さらに悪いことには，更に悪化して(熟語)
	0
537		
observe
を観察する，を監視する(動詞)
	0
538		
participant
参加者，出席者(名詞)
	0
539		
react to
に反応する，受け止める(熟語)
	0
540		
at first
最初は，初めに(熟語)
	0
541		
tight
狭い，締まった(形容詞)
	0
542		
be known for
で知られている，有名である(熟語)
	0
543		
social
社会の，共同体の(形容詞)
	0
544		
jealously
嫉妬深く，妬み深く(副詞)
	0
545		
reliable
信頼性のある，あてになる(形容詞)
	0
546		
stable
安定した，安泰な(形容詞)
	0
547		
transport
を輸送する，を運搬する(動詞)
	0
548		
in other words
言い換えれば，つまり(熟語)
	0
549		
associated with
と関連した，紐づいた(熟語)
	0
550		
to start with
まず第一に，初めに(熟語)
	0
551		
first of all
まず第一に，まず以て(熟語)
	0
552		
congratulations on
に対するお祝い，祝福(熟語)
	0
553		
precious
貴重な，大切な(形容詞)
	0
554		
specialize in
に特化する，専門とする(熟語)
	0
555		
vaccine
ワクチン，予防接種(名詞)
	0
556		
nevertheless
にも関わらず，けれども(接続詞)
	0
557		
illness
病気，疾患(名詞)
	0
558		
for free
無料で，無償で(熟語)
	0
559		
checkup
健康診断，照合(名詞)
	0
560		
temperature
温度，気温(名詞)
	0
561		
health insurance
健康保険(名詞)
	0
562		
memory loss
記憶喪失，記憶消失(名詞)
	0
563		
inconvenience
不便，不自由(名詞)
	0
564		
unusually
異常に，めったにないほど(副詞)
	0
565		
take part in
に参加する，参与する(熟語)
	0
566		
determine
を決める，を定める(動詞)
	0
567		
be considered to
と見なされる，と認識される(熟語)
	0
568		
amount to
成る，達する(熟語)
	0
569		
in some way
何らかの方法で(熟語)
	0
570		
be connected to
に接続する，をつなぐ(熟語)
	0
571		
be involved in
に関与する，に介入する(熟語)
	0
572		
genetically
遺伝的に，生まれながら(副詞)
	0
573		
diet
食事，食事療法(名詞)
	0
574		
be made from
から作られる，を原料とする(熟語)
	0
575		
major
専攻科目，主要科目(名詞)
	0
576		
sign
標識，印，合図(名詞)
	0
577		
be threatened to
に脅かされる，に恐れられる(熟語)
	0
578		
progress
進歩，前進(名詞)
	0
579		
with luck
運が良ければ，うまくいけば(熟語)
	0
580		
offensive
攻撃的な，無礼な(形容詞)
	0
581		
abrupt
突然の，不意の(形容詞)
	0
582		
familiar
見慣れた，よく知られた(形容詞)
	0
583		
distributor
卸売業者，問屋(名詞)
	0
584		
publicity
宣伝，周知(名詞)
	0
585		
separation
分離，区分(名詞)
	0
586		
reuse
を再利用する，再使用する(動詞)
	0
587		
strike
叩く，打つ(動詞)
	0
588		
protest
抗議する，主張する(動詞)
	0
589		
illustrate
を説明する，を例示する(動詞)
	0
590		
voluntarily
自発的に，自ら進んで(副詞)
	0
591		
consciously
意識的に，故意に(副詞)
	0
592		
approximately
約，おおよそ(副詞)
	0
593		
peacefully
平和的に，穏やかに(副詞)
	0
594		
burden
負担，重荷(名詞)
	0
595		
whistle
口笛を吹く，口笛をする(動詞)
	0
596		
voyage
航海，航行(名詞)
	0
597		
envy
妬み，羨望(名詞)
	0
598		
exaggerate
を誇張する，大げさに言う(動詞)
	0
599		
refer to
を参照する，参考にする(熟語)
	0
600		
speaking of
と言えば，に関して(熟語)
	0
601		
wait for
を待つ，を待ち受ける(熟語)
	0
602		
in trouble
困った状況にある(熟語)
	0
603		
at best
せいぜい，良くとも(副詞)
	0
604		
except for
を除いては，を別にすれば(熟語)
	0
605		
matter
問題，困ったこと(名詞)
	0
606		
in effect
効果のある，効いている(熟語)
	0
607		
in fashion
流行っている，流行している(熟語)
	0
608		
on demand
要求に応じて，要求があり次第(熟語)
	0
609		
individual
個人の，個々の(形容詞)
	0
610		
as well
同様に，その上(副詞)
	0
611		
transportation
交通，輸送(名詞)
	0
612		
in general
一般的に，普通(熟語)
	0
613		
smell
においがする，臭いがする(動詞)
	0
614		
recognize
を認識する，はっきりと知る(動詞)
	0
615		
get rid of
を取り除く，除去する(熟語)
	0
616		
treatment
扱い，処理(名詞)
	0
617		
expired
期限切れの，契約の切れた(形容詞)
	0
618		
fee
料金，手数料(名詞)
	0
619		
current
現在の，現行の(形容詞)
	0
620		
renew
を更新する，新しくする(動詞)
	0
621		
from now on
これから先も，今後も(熟語)
	0
622		
attach to
に添える，に取り付ける(熟語)
	0
623		
fill out
書き込む，記入する(熟語)
	0
624		
unexpected
意外な，突然の(形容詞)
	0
625		
economic
経済の，財政の(形容詞)
	0
626		
breath
息，呼吸(名詞)
	0
627		
carbon dioxide
二酸化炭素，CO2(名詞)
	0
628		
humidity
湿度，湿気(名詞)
	0
629		
on duty
勤務時間中で，当番の(熟語)
	0
630		
in case
万一に備えて，予防するために(熟語)
	0
631		
gradually
次第に，だんだんに(副詞)
	0
632		
ceiling
天井，屋根(名詞)
	0
633		
out of use
すたれて，使用できない(熟語)
	0
634		
sculpture
彫刻，彫像(名詞)
	0
635		
exact
ちょうど，正確な(形容詞)
	0
636		
between A and B
AとBの間，AとBの中間(熟語)
	0
637		
produce
を生産する，作り出す(動詞)
	0
638		
even though
～だけれども，～であるのに(接続詞)
	0
639		
warm
暖かい，温暖な(形容詞)
	0
640		
inside
中身，内部(副詞)
	0
641		
ill
病気で，気分の悪い(形容詞)
	0
642		
out of place
場違いで，不適切で(熟語)
	0
643		
research
研究/研究する(名詞)
	0
644		
relative
相対的な，比較上の，親戚(形容詞)
	0
645		
poison
毒，毒物(名詞)
	0
646		
completely
完全に，全く(副詞)
	0
647		
be effective at
で効果的である(熟語)
	0
648		
absorb
を吸収する，吸い取る(動詞)
	0
649		
feed
餌を与える，育てる(動詞)
	0
650		
effective
効果的な，有用な(形容詞)
	0
651		
container
容器，入れ物(名詞)
	0
652		
thanks to
のおかげで，感謝して(熟語)
	0
653		
on the run
逃げて，奔走して(熟語)
	0
654		
dedicate
に専念する，奉納する(動詞)
	0
655		
abandon
を捨て去る，放棄する(動詞)
	0
656		
amuse
楽しませる，娯楽を提供する(動詞)
	0
657		
range
範囲，幅(名詞)
	0
658		
sphere
球，球体(名詞)
	0
659		
revenge
に復讐する/復讐(名詞)
	0
660		
popularity
人気，流行(名詞)
	0
661		
suspicious
疑わしい，怪しい(形容詞)
	0
662		
delicate
繊細な，きめ細かい(形容詞)
	0
663		
welfare
福祉，幸福(名詞)
	0
664		
border
国境，境界(名詞)
	0
665		
habit
習慣，慣行(名詞)
	0
666		
interrupt
割り込む，中断する(動詞)
	0
667		
persuade
を説得する，口説き落とす(動詞)
	0
668		
examine
を検査する，調査する(動詞)
	0
669		
leisurely
のんびりした，気の長い(形容詞)
	0
670		
bravely
勇敢に，りっぱに(副詞)
	0
671		
relatively
比較的，相対的に(副詞)
	0
672		
substitute
代用品/代わりに用いる(名詞)
	0
673		
peel
皮，表皮(名詞)
	0
674		
hospitality
おもてなし，歓待(名詞)
	0
675		
tragedy
悲劇，悲惨な出来事(名詞)
	0
676		
struggle with
と闘う，に苦戦する(熟語)
	0
677		
instruct
指示する，教える(動詞)
	0
678		
gather
を集める，収集する(動詞)
	0
679		
get used to
慣れる，習慣づく(熟語)
	0
680		
out of date
時代遅れの，古風な(熟語)
	0
681		
in tough
苦労して，厳しい(熟語)
	0
682		
under way
進行中で，進行する(熟語)
	0
683		
come into being
生まれ出る，生ずる(熟語)
	0
684		
in need of
を必要として，～がぜひとも必要(熟語)
	0
685		
be aware of
に気づいている，認識している(熟語)
	0
686		
at a loss
途方に暮れて，困惑して(熟語)
	0
687		
within reach
届く範囲で，手の届く範囲で(熟語)
	0
688		
on average
平均して，平均値で(熟語)
	0
689		
in a row
一列に，連続的に(熟語)
	0
690		
appear
現れる，出現する(動詞)
	0
691		
hesitate
ためらう，躊躇する(動詞)
	0
692		
be short of
が不足する，欠ける(熟語)
	0
693		
play a role in
において役割を果たす(熟語)
	0
694		
alternative
代替物，代案(名詞)
	0
695		
depression
落ち込み，不景気(名詞)
	0
696		
large amount of
大量の，たくさんの(熟語)
	0
697		
rug
じゅうたん，敷き物(名詞)
	0
698		
invent
を発明する，創造する(動詞)
	0
699		
encourage
を勇気づける，励ます(動詞)
	0
700		
rarely
めったに～ない，稀に(副詞)
	0
701		
digest
要約/消化する(名詞/動詞)
	0
702		
focus on
に焦点を合わせる，に注目する(熟語)
	0
703		
be concerned about
について気をかける，心配する(熟語)
	0
704		
vocabulary
単語，語彙(名詞)
	0
705		
complex
複雑な，複合の(形容詞)
	0
706		
strengthen
強化する，増強する(動詞)
	0
707		
similarly
同様に，一様に(副詞)
	0
708		
ignorance
無知，無学(名詞)
	0
709		
opposite
反対の，向こう側の(形容詞)
	0
710		
pronunciation
発音，発声(名詞)
	0
711		
invention
発明，創造(名詞)
	0
712		
reverse
反対の，裏側の(形容詞)
	0
713		
commute
通勤する，取り替える(動詞)
	0
714		
appeal
訴える，告発する，告訴する(動詞)
	0
715		
qualify
に資格を与える，認可する(動詞)
	0
716		
incident
出来事，事件(名詞)
	0
717		
market
市場，市場経済(名詞)
	0
718		
maximum
最大，最大の(名詞)
	0
719		
yell
大声で叫ぶ，大声を出す(動詞)
	0
720		
sneeze
くしゃみ/くしゃみをする(名詞/動詞)
	0
721		
wipe
を拭く，拭き取る(動詞)
	0
722		
twist
ねじれ，より合わせる(名詞/動詞)
	0
723		
civilize
文明化する，開化させる(動詞)
	0
724		
murder
殺人，凶行(名詞)
	0
725		
impose
を課す，負わせる(動詞)
	0
726		
parliament
議会，国会(名詞)
	0
727		
nursery school
保育園，幼稚園(熟語)
	0
728		
glance
一目見る/一目(名詞/動詞)
	0
729		
aid
援助/助ける(名詞/動詞)
	0
730		
force
力，勢い(名詞)
	0
731		
role
役割，職務(名詞)
	0
732		
acquaint
知らせる(動詞)
	0
733		
superior
より優れた，優越な(形容詞)
	0
734		
knowledge
知識，学識(名詞)
	0
735		
mindful
気をつけて，注意深く(形容詞)
	0
736		
stand still
停止，休止，行き詰まり(熟語)
	0
737		
appearance
出現，外見(名詞)
	0
738		
incredible
信じられない，信じがたい(形容詞)
	0
739		
in terms of
に関して，の点から(熟語)
	0
740		
article
記事，論文(名詞)
	0
741		
for sure
確かに，間違いなく(熟語)
	0
742		
ancestor
祖先，先祖(名詞)
	0
743		
in time
丁度よい時に，丁度間に合って(熟語)
	0
744		
bend
曲げる，湾曲させる(動詞)
	0
745		
occur
発生する，起こる(動詞)
	0
746		
objection
異議，反対(名詞)
	0
747		
lazy
怠け者の，ぐうたらの(形容詞)
	0
748		
outstanding
並外れた，目立った(形容詞)
	0
749		
construct
を組み立てる，建設する(動詞)
	0
750		
adequate
適切で，十分な(形容詞)
	0
751		
instead of
の代わりに，代わって(熟語)
	0
752		
mildly
穏やかに，静かに(副詞)
	0
753		
scar
傷跡，痕跡(名詞)
	0
754		
hesitantly
躊躇して，もじもじして(副詞)
	0
755		
wealthy
裕福な，豊かな(形容詞)
	0
756		
give out
配布する，発表する(熟語)
	0
757		
forget
を忘れる，忘れ去る(動詞)
	0
758		
stranger
他人，他者(名詞)
	0
759		
prove
を証明する，立証する(動詞)
	0
760		
insurance
保険，保障(名詞)
	0
761		
generation
世代，年代(名詞)
	0
762		
take down
降ろす，書き取る(熟語)
	0
763		
conclude
を締めくくる，終える(動詞)
	0
764		
violence
暴力，乱暴(名詞)
	0
765		
irritate
イライラさせる，怒らせる(動詞)
	0
766		
put together
まとめる，一緒にする(熟語)
	0
767		
account for
を説明する，解説する(熟語)
	0
768		
tourism
観光，観覧(名詞)
	0
769		
commit
専念，ゆだねる(動詞)
	0
770		
put off
延期する，繰り延べる(熟語)
	0
771		
maintain
を維持する，保つ(動詞)
	0
772		
favor
親切な行為，好意(名詞)
	0
773		
relevant to
に関連して，関連づけて(熟語)
	0
774		
differ
異なる，違う(動詞)
	0
775		
keep up
保持する，維持する(熟語)
	0
776		
look over
見渡す，展望する(熟語)
	0
777		
though
だけれども，しかし(接続詞)
	0
778		
limb
手足，四肢(名詞)
	0
779		
eventually
結局は，やがて(副詞)
	0
780		
suggest
を提案する，勧める(動詞)
	0
781		
entitle to
に資格を与える，認定する(熟語)
	0
782		
capture
を捕まえる，捉える(動詞)
	0
783		
psychology
心理学，精神科学(名詞)
	0
784		
export
を輸出する，輸送する(動詞)
	0
785		
spill
をこぼす，溢れる(動詞)
	0
786		
identity
同一性，一致性(名詞)
	0
787		
participate
参加する，出席する(動詞)
	0
788		
cough
咳払いする/咳(名詞/動詞)
	0
789		
include
を含む，内包する(動詞)
	0
790		
sincerely
心から，真心こめて(副詞)
	0
791		
absorb in
吸収する，没頭する(熟語)
	0
792		
improvement
改善，改良(名詞)
	0
793		
crime
犯罪，罪行(名詞)
	0
794		
spiritually
精神的に，心の中で(副詞)
	0
795		
proposal
提案，勧告(名詞)
	0
796		
confess
を打ち明ける，白状する(動詞)
	0
797		
credit
信用，信頼(名詞)
	0
798		
reservation
予約，確保(名詞)
	0
799		
translation
翻訳，訳文(名詞)
	0
800		
disadvantage
不利益，不利な立場，損失(名詞)
	0
801		
objectively
客観的に，冷静に(副詞)
	0
802		
consumption
消費，消費高(名詞)
	0
803		
innocently
無邪気に，素直に(副詞)
	0
804		
researcher
研究者，調査員(名詞)
	0
805		
location
位置，場所(名詞)
	0
806		
oxygen
酸素(名詞)
	0
807		
do away with
廃止する，取り消す(熟語)
	0
808		
take care
注意する，警戒する(熟語)
	0
809		
neglect
を無視する，放っておく(動詞)
	0
810		
be obliged to
義務付けられる，やむを得ずする(熟語)
	0
811		
survive
生き残る，存続する(動詞)
	0
812		
desert
砂漠，乾燥地帯(名詞)
	0
813		
donation
寄贈，寄付(名詞)
	0
814		
exhibit
示す，表示する(動詞)
	0
815		
principal
主要な，基本的な(形容詞)
	0
816		
product
製品，商品(名詞)
	0
817		
in short
要するに，つまり(熟語)
	0
818		
formal
正式な，公式の(形容詞)
	0
819		
persuasion
説得，口説き(名詞)
	0
820		
huge
巨大な，広大な(形容詞)
	0
821		
migrate
移行する，移住する(動詞)
	0
822		
logical
論理的な，論理上の(形容詞)
	0
823		
get away with
を持ち逃げする，盗み出す(熟語)
	0
824		
interpret
を解釈する，受け取る(動詞)
	0
825		
accuracy
正確さ，精密(名詞)
	0
826		
contribution
寄付，貢献(名詞)
	0
827		
climb
登る，よじ登る(動詞)
	0
828		
stand up
立つ，起きる(熟語)
	0
829		
preserve
保存/を保存する(動詞)
	0
830		
laundry
洗濯物，クリーニング店(名詞)
	0
831		
deal
を扱う，分配する(動詞)
	0
832		
complain of
の不満を漏らす，について苦情を言う(熟語)
	0
833		
intensive
集中的な，強調の(形容詞)
	0
834		
look through
をひと通り調べる，を見抜く(熟語)
	0
835		
budget
予算，経費(名詞)
	0
836		
mummy
ミイラ，乾燥死体(名詞)
	0
837		
dizziness
めまい，立ち眩み(名詞)
	0
838		
occasionally
時折，稀に(副詞)
	0
839		
audience
聴衆，観客(名詞)
	0
840		
liquid
液体，流体(名詞)
	0
841		
combine
を結合させる，合同する(動詞)
	0
842		
imply
をほのめかす，暗示する(動詞)
	0
843		
applause
拍手かっさい，称賛(名詞)
	0
844		
ridiculous
ばかげている，不合理な(形容詞)
	0
845		
ignore
を無視する，見逃す(動詞)
	0
846		
mammal
哺乳類(名詞)
	0
847		
indeed
実に，全く(副詞)
	0
848		
blame for
の責任を問う，を責める(熟語)
	0
849		
fossil
化石，遺跡(名詞)
	0
850		
obvious
明白な，明瞭な(形容詞)
	0
851		
precise
正確な，的確な(形容詞)
	0
852		
see in
案内して部屋に入れる，迎える(熟語)
	0
853		
happen
起こる，発生する(動詞)
	0
854		
argument
議論，口論(名詞)
	0
855		
visually
視覚的に，目で見て(副詞)
	0
856		
terribly
ひどく，ものすごく(副詞)
	0
857		
go after
を追いかける，追跡する(熟語)
	0
858		
by nature
本来，生来(熟語)
	0
859		
direction
方向，方角(名詞)
	0
860		
differ from
とは違って，との違い(熟語)
	0
861		
astonish
ひどく驚かす，驚かせる(動詞)
	0
862		
divide
を分割する，分ける(動詞)
	0
863		
at least
少なくとも，最低限(熟語)
	0
864		
distract
気を散らす，気をそらす(動詞)
	0
865		
describe
を述べる，描写する(動詞)
	0
866		
in place
決まった場所に，適切で(熟語)
	0
867		
opinion
意見，考え(名詞)
	0
868		
finally
ついに，やっと(副詞)
	0
869		
frown
しかめっ面，顔をしかめる(名詞/動詞)
	0
870		
culture
文化，教養(名詞)
	0
871		
overcome
を克服する，乗り越える(動詞)
	0
872		
figure
形，姿(名詞)
	0
873		
inspire
鼓舞する，励ます(動詞)
	0
874		
prize
賞，報酬(名詞)
	0
875		
accomplishment
完成，成果(名詞)
	0
876		
suburb
郊外，近郊(名詞)
	0
877		
drag
引っ張る，引きずる(動詞)
	0
878		
mineral
無機物，非生物(名詞)
	0
879		
escape
逃れる，脱走する(動詞)
	0
880		
come out
出てくる，世に出る(熟語)
	0
881		
tremble
震える，おののく(動詞)
	0
882		
stay up
(夜遅くまで)起きている，覚醒している(熟語)
	0
883		
genuine
本物の，純粋な(形容詞)
	0
884		
come across
を横切る，出くわす(熟語)
	0
885		
needlessly
不必要に，無用に(副詞)
	0
886		
in exchange
と引き換えに，代わりに(熟語)
	0
887		
during
～の間，～の間ずっと(接続詞)
	0
888		
island
島，島々(名詞)
	0
889		
property
財産，所有物(名詞)
	0
890		
deaf
耳が不自由な，耳が聞こえない(形容詞)
	0
891		
masterpiece
傑作，名作(名詞)
	0
892		
bound for
行きの，方向の(熟語)
	0
893		
in stock
在庫あり，在庫のある(熟語)
	0
894		
admission
入場，入場料(名詞)
	0
895		
retire
退職する，引退する(動詞)
	0
896		
deliver
配達する，届ける(動詞)
	0
897		
draw
描く，引っ張る(動詞)
	0
898		
factory
工場，製造所(名詞)
	0
899		
create
創造する，考案する(動詞)
	0
900		
rather
むしろ，どちらかといえば(副詞)
	0
901		
threat
脅威，危機(名詞)
	0
902		
tropical
熱帯の，熱帯気候の(形容詞)
	0
903		
act on
を決定する，決議する(熟語)
	0
904		
vital
極めて重要な，生命の(形容詞)
	0
905		
agricultural
農業の，農作物の(形容詞)
	0
906		
altogether
完全に，まったく(副詞)
	0
907		
quantity
量，数値(名詞)
	0
908		
male
男性，雄(名詞)
	0
909		
by means of
によって，を用いて(熟語)
	0
910		
insist
強く主張する，断言する(動詞)
	0
911		
hesitation
ためらい，躊躇(名詞)
	0
912		
persist in
固執する，やり通す(熟語)
	0
913		
conversation
会話，対話(名詞)
	0
914		
ordinary
ふつうの，いつもの(形容詞)
	0
915		
in vain
無駄に，軽々しく(熟語)
	0
916		
catch up with
に追いつく，付いていく(熟語)
	0
917		
off duty
非番の，勤務時間外で(熟語)
	0
918		
live on
生き続ける，存続する(熟語)
	0
919		
illustration
図解，実例(名詞)
	0
920		
expensive
高価な，費用のかかる(形容詞)
	0
921		
expect
予期する，予想する(動詞)
	0
922		
concentration
集中，専念(名詞)
	0
923		
thermometer
温度計，気温計(名詞)
	0
924		
advertisement
広告，宣伝(名詞)
	0
925		
debt
借金，負債(名詞)
	0
926		
pull down
引き下げる，取り壊す(熟語)
	0
927		
investigate
調査する，研究する(動詞)
	0
928		
description
説明書，記述(名詞)
	0
929		
as follows
次のとおり，以下の通り(熟語)
	0
930		
bother
面倒/迷惑をかける(動詞)
	0
931		
punishment
罰，罰則(名詞)
	0
932		
propose
を提案する，申し出る(動詞)
	0
933		
flame
火炎，炎(名詞)
	0
934		
ambulance
救急車，救援車(名詞)
	0
935		
intense
激しい，熱心な(形容詞)
	0
936		
impossible
不可能な，実現不可能な(形容詞)
	0
937		
be accustomed to
に慣れている，馴染んでいる(熟語)
	0
938		
curiosity
好奇心，探究心(名詞)
	0
939		
organization
組織，団体，協会(名詞)
	0
940		
in danger of
の危険にさらされている，危険に直面している(熟語)
	0
941		
in turn
順番に，順次(熟語)
	0
942		
worthy of
ふさわしくて，に値して(熟語)
	0
943		
look up to
を尊敬する，を敬う(熟語)
	0
944		
add to
付け加える，増やす(熟語)
	0
945		
submit
を提出する，に服従する(動詞)
	0
946		
immigration
移住，入国管理(名詞)
	0
947		
convince
を納得させる，説得する(動詞)
	0
948		
declare
を宣言する，公表する(動詞)
	0
949		
vain
うぬぼれの強い，自惚れた(形容詞)
	0
950		
resource
資源，資産(名詞)
	0
951		
domestic
国内の，家庭の(形容詞)
	0
952		
make up
用意する，片付ける(熟語)
	0
953		
affection
愛情，好意(名詞)
	0
954		
recent
最近の，新しい(形容詞)
	0
955		
discovery
発見，見つけること(名詞)
	0
956		
by heart
体で覚えて，身体的に覚える(熟語)
	0
957		
stimulate
を刺激する，元気づける(動詞)
	0
958		
college
大学，高等教育機関(名詞)
	0
959		
academically
学問的に，知識的に(副詞)
	0
960		
grass
草(名詞)
	0
961		
praise
をほめる/賞賛(動詞)
	0
962		
dentist
歯医者，歯科医(名詞)
	0
963		
truly
真に，正確に(副詞)
	0
964		
cling
くっつく，接着する(動詞)
	0
965		
clip
切る，切り取る/クリップ(動詞)
	0
966		
reaction
反応，反響(名詞)
	0
967		
conventional
従来の，伝統的な(形容詞)
	0
968		
relieve
和らげる，軽減する(動詞)
	0
969		
seek
求める，捜し出す(動詞)
	0
970		
forever
永遠に，ずっと(副詞)
	0
971		
intervention
介在，仲裁(名詞)
	0
972		
historian
歴史家，史学者(名詞)
	0
973		
whether
どちらか，いずれか(接続詞)
	0
974		
ethnic
民族の，民族特有の(形容詞)
	0
975		
swear
誓う，宣誓する(動詞)
	0
976		
responsibility
責任，義務(名詞)
	0
977		
opponent
相手，対象(名詞)
	0
978		
blow
吹く，吹き飛ばす(動詞)
	0
979		
history
歴史，過去(名詞)
	0
980		
society
社会，共同体(名詞)
	0
981		
mature
成熟した，大人の(形容詞)
	0
982		
democratic
民主主義の，民主政治の(形容詞)
	0
983		
manager
部長，支配人(名詞)
	0
984		
definition
定義，明確な説明(名詞)
	0
985		
abstract
抽象的な，非具体的な(形容詞)
	0
986		
recover
回復する，元に戻る(動詞)
	0
987		
notion
考え，意見(名詞)
	0
988		
reject
拒絶する，断る(動詞)
	0
989		
chamber
小部屋，個室(名詞)
	0
990		
desire
願望/切望する(動詞)
	0
991		
distinguish
を区別する，識別する(動詞)
	0
992		
warn
警告する，警戒する(動詞)
	0
993		
excess
過剰，超過(名詞)
	0
994		
numerous
多数の，多くの(形容詞)
	0
995		
harmony
調和，一致(名詞)
	0
996		
fail
失敗する，うまくいかない(動詞)
	0
997		
gentle
穏やかな，物柔らかな(形容詞)
	0
998		
enforcement
執行，実施(名詞)
	0
999		
trait
特性，特色(名詞)
	0
1000		
deficit
赤字，欠損(名詞)
	0
1001		
source
情報源，原因(名詞)
	0
1002		
representative
代表者，代理人(名詞)
	0
1003		
commitment
約束，委託(名詞)
	0
1004		
worry
心配させる，心配する(動詞)
	0
1005		
bitter
苦い，えぐい(形容詞)
	0
1006		
assess
評価する，査定する(動詞)
	0
1007		
prosecution
起訴，告訴(名詞)
	0
1008		
discussion
議論，討論(名詞)
	0
1009		
drift
漂流，流れる(名詞)
	0
1010		
troop
群れ，集団(名詞)
	0
1011		
crack
裂け目，ひび(名詞)
	0
1012		
output
生産量，製造量(名詞)
	0
1013		
relation
関係性，相互作用(名詞)
	0
1014		
law
法律，制度(名詞)
	0
1015		
share
分かち合う/分け前(動詞)
	0
1016		
assist
手伝う，促進する(動詞)
	0
1017		
later
後に，以後(副詞)
	0
1018		
resolution
解決，決意(名詞)
	0
1019		
welcome
歓迎される，迎えられる(動詞)
	0
1020		
ensure
を確実にする，を保証する(動詞)
	0
1021		
classical
古典の，古代の(形容詞)
	0
1022		
merely
単に，ただ(副詞)
	0
1023		
according
による，準じて(副詞)
	0
1024		
occupation
職業，仕事(名詞)
	0
1025		
proportion
比率，割合(名詞)
	0
1026		
anger
怒り，憤り(名詞)
	0
1027		
delivery
配達，送付(名詞)
	0
1028		
annoy
いらだたせる，怒らせる(動詞)
	0
1029		
civilian
民間人，一般市民(名詞)
	0
1030		
craft
工芸，技能(名詞)
	0
1031		
appreciate
感謝する，ありがたがる(動詞)
	0
1032		
corridor
廊下，通路(名詞)
	0
1033		
plenty
たくさん，多く(名詞)
	0
1034		
virtue
徳，道徳(名詞)
	0
1035		
pleasure
楽しみ，喜び(名詞)
	0
1036		
bored
退屈した，つまらない(形容詞)
	0
1037		
behavior
振る舞い，態度(名詞)
	0
1038		
conscious
意識して，気をつけて(形容詞)
	0
1039		
objective
目標，目的(名詞)
	0
1040		
education
教育，指導(名詞)
	0
1041		
regional
地方の，地域の(形容詞)
	0
1042		
controversial
議論の的になる，論争上の(形容詞)
	0
1043		
investigator
捜査官，探偵(名詞)
	0
1044		
slide
滑る，滑走する(動詞)
	0
1045		
seat
を着席させる/座席(動詞)
	0
1046		
tap
軽くたたく，軽く打つ(動詞)
	0
1047		
manner
やり方，方法(名詞)
	0
1048		
therapy
治療，療法(名詞)
	0
1049		
compete
競争する，争う(動詞)
	0
1050		
representation
表現，表示(名詞)
	0
1051		
tear
を引き裂く，を裂く(動詞)
	0
1052		
crucial
重要な，決定的な(形容詞)
	0
1053		
creative
創造的な，独創的な(形容詞)
	0
1054		
realize
だとわかる，実現する(動詞)
	0
1055		
physics
物理学，物理科学(名詞)
	0
1056		
invest
に投資する，資本をつぎ込む(動詞)
	0
1057		
satisfaction
満足，充足(名詞)
	0
1058		
dust
ほこり，塵(名詞)
	0
1059		
possible
可能な，実現可能な(形容詞)
	0
1060		
tremendous
非常に大きな，極めて大きい(形容詞)
	0
1061		
typically
典型的に，一般的に(副詞)
	0
1062		
awareness
気づき，認識(名詞)
	0
1063		
quite
かなり，相当に(副詞)
	0
1064		
committee
委員会，会議(名詞)
	0
1065		
dependent
依存している，頼っている(形容詞)
	0
1066		
especially
特に，格段に(副詞)
	0
1067		
deputy
代理，代わり(名詞)
	0
1068		
extent
程度，大きさ(名詞)
	0
1069		
subject
教科，主題(名詞)
	0
1070		
horror
恐怖，怖さ(名詞)
	0
1071		
salary
給与，報酬(名詞)
	0
1072		
grand
壮大な，雄大な(形容詞)
	0
1073		
guide
案内人/案内する(名詞)
	0
1074		
vessel
容器，器(名詞)
	0
1075		
cooperation
協力，共同作業(名詞)
	0
1076		
interfere
に干渉する，介入する(動詞)
	0
1077		
recall
呼び戻す，思い出す(動詞)
	0
1078		
patience
辛抱強さ，忍耐力(名詞)
	0
1079		
venture
冒険的事業，投機的事業(名詞)
	0
1080		
annual
毎年の，年毎の(形容詞)
	0
1081		
fair
公平な，平等な(形容詞)
	0
1082		
bill
請求書，勘定書(名詞)
	0
1083		
behind
背後に，後方に(副詞)
	0
1084		
suppose
だと思う，と仮定する(動詞)
	0
1085		
provision
供給，支給(名詞)
	0
1086		
depend
依存する，頼る(動詞)
	0
1087		
myth
神話，神話伝説(名詞)
	0
1088		
sink
沈む，沈没する(動詞)
	0
1089		
pregnant
妊娠している，妊娠中の(形容詞)
	0
1090		
derive
を引き出す，取り出す(動詞)
	0
1091		
practically
実質的に，実用的に(副詞)
	0
1092		
elaborate
手の込んだ，複雑な(形容詞)
	0
1093		
refugee
難民，避難者(名詞)
	0
1094		
motive
動機，意欲(名詞)
	0
1095		
ally
と同盟する，連合する(動詞)
	0
1096		
minimum
最小の，最も小さな(形容詞)
	0
1097		
attorney
弁護士，代理人(名詞)
	0
1098		
commissioner
委員，理事(名詞)
	0
1099		
clue
手がかり，糸口(名詞)
	0
1100		
minister
大臣，牧師(名詞)
	0
1101		
arrival
到着，到達(名詞)
	0
1102		
technical
技術上の，専門的な(形容詞)
	0
1103		
similarity
類似点，相似(名詞)
	0
1104		
fully
十分に，完全に(副詞)
	0
1105		
nowhere
どこにも，どこにでも(副詞)
	0
1106		
hunger
飢え，空腹(名詞)
	0
1107		
pretend
のふりをする，に成りすます(動詞)
	0
1108		
perception
知覚，認知(名詞)
	0
1109		
leap
飛び跳ねる，飛び越える(動詞)
	0
1110		
lie
横たわる，寝転ぶ(動詞)
	0
1111		
tongue
言葉，舌(名詞)
	0
1112		
success
成功，達成(名詞)
	0
1113		
candidate
候補者，志願者(名詞)
	0
1114		
hate
ひどく嫌う，深く憎む(動詞)
	0
1115		
notice
気づく/通知(動詞)
	0
1116		
mystery
神秘的な/神秘(名詞)
	0
1117		
dignity
威厳，尊厳(名詞)
	0
1118		
senate
上院，上院議会(名詞)
	0
1119		
contemporary
現在の，現代の(形容詞)
	0
1120		
previous
前の，以前の(形容詞)
	0
1121		
fiber
繊維，糸(名詞)
	0
1122		
oppose
反対する，抵抗する(動詞)
	0
1123		
creation
創造，創作(名詞)
	0
1124		
Jewish
ユダヤ人，ユダヤ教徒(形容詞)
	0
1125		
reputation
評判，評価(名詞)
	0
1126		
rude
失礼な，無礼な(形容詞)
	0
1127		
ritual
儀式，式典(名詞)
	0
1128		
historical
歴史上の，過去の(形容詞)
	0
1129		
opposition
反対，対立(名詞)
	0
1130		
structure
構造，建造物(名詞)
	0
1131		
percentage
割合，比率(名詞)
	0
1132		
enter
入る，入場する(動詞)
	0
1133		
install
導入する，導く(動詞)
	0
1134		
tip
先，前方(名詞)
	0
1135		
use up
使い切る，消耗する(熟語)
	0
1136		
state
状態，状況(名詞)
	0
1137		
adjust
を調節する，調整する(動詞)
	0
1138		
physician
医師，内科医(名詞)
	0
1139		
labor
労働，労働者(名詞)
	0
1140		
international
国際的な，国際レベルの(形容詞)
	0
1141		
strongly
強く，激しく(副詞)
	0
1142		
arms
武器，兵器(名詞)
	0
1143		
household
家族，世帯(名詞)
	0
1144		
nation
国家，国土(名詞)
	0
1145		
jury
陪審員，審査員(名詞)
	0
1146		
former
前の，以前の(形容詞)
	0
1147		
illegal
違法の，不正な(形容詞)
	0
1148		
circumstance
状況，環境(名詞)
	0
1149		
wan
青ざめた，蒼白な(形容詞)
	0
1150		
spoil
台無しにする，損なう(動詞)
	0
1151		
composition
構成，制作(名詞)
	0
1152		
tail
尾，尾部(名詞)
	0
1153		
majority
大多数，多数派(名詞)
	0
1154		
beside
の横に，隣に(前置詞)
	0
1155		
operation
操作，作用(名詞)
	0
1156		
talent
才能，能力(名詞)
	0
1157		
pleasant
楽しい，愉快な(形容詞)
	0
1158		
era
時代，世代(名詞)
	0
1159		
ultimate
究極の，最後の(形容詞)
	0
1160		
telescope
望遠鏡，遠望鏡(名詞)
	0
1161		
originate
始まる，起こす(動詞)
	0
1162		
delight
喜び，歓喜(名詞)
	0
1163		
whenever
する時はいつでも，する際は常に(接続詞)
	0
1164		
operate
操作する，操る(動詞)
	0
1165		
consistent
一貫した，矛盾のない(形容詞)
	0
1166		
exhaust
疲れ果てさせる，消耗させる(動詞)
	0
1167		
twin
双子，二卵性双生児(名詞)
	0
1168		
fix
固定する，修理する(動詞)
	0
1169		
enhance
強調する，(さらに)高める(動詞)
	0
1170		
defendant
被告人，告発される人(名詞)
	0
1171		
negotiation
交渉，話し合い(名詞)
	0
1172		
face
直面する/顔(動詞)
	0
1173		
immediate
即座の，瞬時の(形容詞)
	0
1174		
instant
瞬間，瞬時(名詞)
	0
1175		
bloody
血の，血液の(形容詞)
	0
1176		
gear
伝動装置，動力伝達装置(名詞)
	0
1177		
block
を妨げる，を阻害する(動詞)
	0
1178		
unless
でない限り，除いて(接続詞)
	0
1179		
willing
いとわない，快諾する(形容詞)
	0
1180		
negotiate
交渉する，協議する(動詞)
	0
1181		
doubt
疑い，疑問(名詞)
	0
1182		
afford
余裕がある，ゆとりがある(動詞)
	0
1183		
wage
賃金，報酬(名詞)
	0
1184		
abortion
中絶，妊娠中絶(名詞)
	0
1185		
strange
奇妙な，異常な(形容詞)
	0
1186		
estate
財産，資産(名詞)
	0
1187		
addition
追加，付加(名詞)
	0
1188		
smart
頭の良い，きちんとした(形容詞)
	0
1189		
bind
縛りつける，束ねる(動詞)
	0
1190		
shed
流す，排出する(動詞)
	0
1191		
citizen
市民，国民(名詞)
	0
1192		
summit
頂上，山頂(名詞)
	0
1193		
battery
電池，蓄電池(名詞)
	0
1194		
complexity
複雑さ，錯綜さ(名詞)
	0
1195		
reduction
削減，減少(名詞)
	0
1196		
disaster
災害，災難(名詞)
	0
1197		
comfort
快適さ/慰める(名詞)
	0
1198		
founder
創設者，創立者(名詞)
	0
1199		
assault
暴行，攻撃(名詞)
	0
1200		
broadcast
放送する，発信する(動詞)
	0
1201		
critic
批評家，評論家(名詞)
	0
1202		
friendly
友好的な，親切な(形容詞)
	0
1203		
consequently
その結果として，それゆえに(副詞)
	0
1204		
urban
都会の，市内の(形容詞)
	0
1205		
detailed
詳細の，具体的な(形容詞)
	0
1206		
primitive
原始的な，先史的な(形容詞)
	0
1207		
electrical
電気の，電気を用いた(形容詞)
	0
1208		
afraid
心配して，恐れて(形容詞)
	0
1209		
community
共同社会，共同体(名詞)
	0
1210		
connect
つなげる，接続する(動詞)
	0
1211		
scheme
計画，企画(名詞)
	0
1212		
language
言語，言葉(名詞)
	0
1213		
colleague
同僚，仲間(名詞)
	0
1214		
stroke
打撃，衝撃(名詞)
	0
1215		
servant
使用人，召使(名詞)
	0
1216		
belief
信念，信条(名詞)
	0
1217		
inflation
膨張，拡大(名詞)
	0
1218		
Muslim
イスラム教徒，ムスリム(名詞)
	0
1219		
upset
気持ちが動揺した，ひっくり返す(形容詞)
	0
1220		
inquiry
問い合わせ，質問(名詞)
	0
1221		
apply
適用する，応用する(動詞)
	0
1222		
failure
失敗，挫折(名詞)
	0
1223		
seed
種子，種(名詞)
	0
1224		
potentially
潜在的に，可能性として(副詞)
	0
1225		
cultivate
耕作する，耕す(動詞)
	0
1226		
awful
ひどい，恐ろしい(形容詞)
	0
1227		
mate
友達，仲間(名詞)
	0
1228		
military
軍隊，兵力(名詞)
	0
1229		
armed
武装した，装備した(形容詞)
	0
1230		
lung
肺(名詞)
	0
1231		
sequence
連続，継続(名詞)
	0
1232		
impress
感銘を与える，感動させる(動詞)
	0
1233		
Mexican
メキシコの，メキシコ系の(形容詞)
	0
1234		
suffering
苦しみ，悩み(名詞)
	0
1235		
refrain from
を控える，を遠慮する(熟語)
	0
1236		
well-known
よく知られた，有名な(形容詞)
	0
1237		
associate
結びつけて考える，賛同する(動詞)
	0
1238		
lord
領主，支配者(名詞)
	0
1239		
governor
知事，州知事(名詞)
	0
1240		
permanent
永久の，永遠の(形容詞)
	0
1241		
bishop
司教，教会の指導者(名詞)
	0
1242		
background
背景，背後(名詞)
	0
1243		
beg
懇願する，願い出る(動詞)
	0
1244		
relevant
関連のある，適切な(形容詞)
	0
1245		
recognition
認識，認知(名詞)
	0
1246		
sharp
鋭い，先鋭的な(形容詞)
	0
1247		
legal
法律の，法的な(形容詞)
	0
1248		
criticize
を批評する，を評価する(動詞)
	0
1249		
naked
裸の，無防備な(形容詞)
	0
1250		
symptom
症状，兆候(名詞)
	0
1251		
raw
生の，未加工の(形容詞)
	0
1252		
association
協会，連合(名詞)
	0
1253		
phase
段階，レベル(名詞)
	0
1254		
politics
政治，政策(名詞)
	0
1255		
atmosphere
雰囲気，気候(名詞)
	0
1256		
lap
ひざ，膝小僧(名詞)
	0
1257		
clerk
事務員，社員(名詞)
	0
1258		
fault
欠点，短所(名詞)
	0
1259		
toward
向かって，のほうへ(前置詞)
	0
1260		
foreign
外国の，海外の(形容詞)
	0
1261		
global
地球の，世界の(形容詞)
	0
1262		
hire
雇う，採用する(動詞)
	0
1263		
item
項目，要点(名詞)
	0
1264		
dislike
嫌がる，嫌い(動詞)
	0
1265		
unknown
未知の，分からない(形容詞)
	0
1266		
nearby
近くの，隣近所の(形容詞)
	0
1267		
traditional
伝統的な，慣習的な(形容詞)
	0
1268		
liberty
自由，独立(名詞)
	0
1269		
toe
つま先，足の指(名詞)
	0
1270		
log
丸太，円木(名詞)
	0
1271		
appoint
任命する，指定する(動詞)
	0
1272		
courage
勇気，勇猛(名詞)
	0
1273		
quarter
四半期，四分期(名詞)
	0
1274		
affair
事柄，問題(名詞)
	0
1275		
snap
パチンと鳴らす，カチンと鳴らす(動詞)
	0
1276		
tale
お話，物語(名詞)
	0
1277		
educational
教育の，教授の(形容詞)
	0
1278		
hardly
ほとんどない，少ない(副詞)
	0
1279		
conclusion
結論，最終的な判断(名詞)
	0
1280		
whereas
である一方で，だが一方で(接続詞)
	0
1281		
custom
習慣，慣例(名詞)
	0
1282		
biological
生物学上の，生物的な(形容詞)
	0
1283		
confine
制限する，限定する(動詞)
	0
1284		
beneath
の下に，以下に(前置詞)
	0
1285		
extinction
絶滅，消失(名詞)
	0
1286		
tiny
ごく小さい，微小な(形容詞)
	0
1287		
election
選挙，投票(名詞)
	0
1288		
charm
魅力，引力(名詞)
	0
1289		
palm
手のひら，（動物の）前足の裏(名詞)
	0
1290		
mean
を意味する，を示す(動詞)
	0
1291		
advertise
宣伝する，広告する(動詞)
	0
1292		
advertising
広告，宣伝(名詞)
	0
1293		
factor
要因，原因(名詞)
	0
1294		
curious
好奇心が強い，探究心が強い(形容詞)
	0
1295		
pitch
投げる，放る(動詞)
	0
1296		
excessive
過度の，極端な(形容詞)
	0
1297		
war
戦争，衝突(名詞)
	0
1298		
apparently
明らかに，明確に(副詞)
	0
1299		
boundary
境界，限界(名詞)
	0
1300		
procedure
手続き，手順(名詞)
	0
1301		
consumer
消費者，利用者(名詞)
	0
1302		
satisfactory
満足のいく，充足する(形容詞)
	0
1303		
echo
こだま，反響(名詞)
	0
1304		
essay
論文，随筆(名詞)
	0
1305		
extension
拡張，展開(名詞)
	0
1306		
atomic
原子の，素粒子の(形容詞)
	0
1307		
sigh
ため息をつく，ため息を出す(動詞)
	0
1308		
sophisticated
洗練された，高雅な(形容詞)
	0
1309		
considerable
かなりの，相当な(形容詞)
	0
1310		
explain
を説明する，を解説する(動詞)
	0
1311		
bet
賭ける，博打をする(動詞)
	0
1312		
plant
植物，草木(名詞)
	0
1313		
scatter
まき散らす，ばらまく(動詞)
	0
1314		
admire
を賞賛する，を賛美する(動詞)
	0
1315		
largely
主として，主に(副詞)
	0
1316		
rear
後部の，背後の(形容詞)
	0
1317		
bond
拘束，束縛(名詞)
	0
1318		
authority
権威，権力(名詞)
	0
1319		
medium
中間の，中央の(形容詞)
	0
1320		
adapt
に適合させる，調整する(動詞)
	0
1321		
resist
抵抗する，反発する(動詞)
	0
1322		
folk
人々，群衆(名詞)
	0
1323		
poet
詩人，作詩者(名詞)
	0
1324		
resolve
解決する，を決心する(動詞)
	0
1325		
detail
詳細，具体的な情報(名詞)
	0
1326		
priority
優先度，優越性(名詞)
	0
1327		
`false
誤った，間違った(形容詞)
	0
1328		
prisoner
囚人，受刑者(名詞)
	0
1329		
apparent
外見上の，明白な(形容詞)
	0
1330		
lab
研究室，研究所(名詞)
	0
1331		
squeeze
絞る，押しつぶす(動詞)
	0
1332		
status
状態，身分(名詞)
	0
1333		
pension
年金，老後の資金(名詞)
	0
1334		
unique
他に類を見ない，唯一の(形容詞)
	0
1335		
eliminate
を取り除く，を排除する(動詞)
	0
1336		
patch
当て布，布切れ(名詞)
	0
1337		
observation
観察，観測(名詞)
	0
1338		
dozen
12の(名詞)
	0
1339		
airline
航空会社，航空業者(名詞)
	0
1340		
flow
流れる，流す(動詞)
	0
1341		
independent
独立した，自立した(形容詞)
	0
1342		
president
社長，大統領(名詞)
	0
1343		
socially
社会的に，社会的観点から(副詞)
	0
1344		
settle
決着させる，解決する(動詞)
	0
1345		
ideal
理想，目指すべき状態(名詞)
	0
1346		
address
住所，居住地(名詞)
	0
1347		
pray
祈る，願う(動詞)
	0
1348		
ray
光線，放射線(名詞)
	0
1349		
maker
製造元，製作者(名詞)
	0
1350		
combat
戦闘，闘争(名詞)
	0
1351		
ministry
省庁，官庁(名詞)
	0
1352		
explosion
爆発，爆裂(名詞)
	0
1353		
cure
治療する，療養する(動詞)
	0
1354		
public
公共の，共有の(形容詞)
	0
1355		
reach
到着する，辿り着く(動詞)
	0
1356		
impact
影響，衝撃(名詞)
	0
1357		
union
統合，一致(名詞)
	0
1358		
author
著者，作者(名詞)
	0
1359		
thick
厚い，肥厚な(形容詞)
	0
1360		
presence
存在，存在感(名詞)
	0
1361		
incorporate
合体させる，統合する(動詞)
	0
1362		
rent
家賃，賃料(名詞)
	0
1363		
radical
急進的な，抜本的な(形容詞)
	0
1364		
economics
経済学，財政学(名詞)
	0
1365		
trust
信頼，信用(名詞)
	0
1366		
virus
ウイルス，病原体(名詞)
	0
1367		
party
政党，党派(名詞)
	0
1368		
pupil
生徒，学生(名詞)
	0
1369		
unusual
珍しい，異常な(形容詞)
	0
1370		
meal
食事，食事療法(名詞)
	0
1371		
neighbor
隣人，近隣住民(名詞)
	0
1372		
civil
市民の，住民の(形容詞)
	0
1373		
counter
に対抗する，に立ち向かう(動詞)
	0
1374		
suicide
自殺，自害(名詞)
	0
1375		
protein
タンパク質，タンパク物質(名詞)
	0
1376		
poll
投票，選挙(名詞)
	0
1377		
mutual
相互の，互いの(形容詞)
	0
1378		
vote
投票する/投票権(動詞)
	0
1379		
attend
出席する，付き添う(動詞)
	0
1380		
regret
後悔する/後悔，遺憾(動詞)
	0
1381		
academic
学術の，大学の(形容詞)
	0
1382		
supreme
最高の，至高の(形容詞)
	0
1383		
comfortable
心地の良い，快適な(形容詞)
	0
1384		
involvement
関与，関わり合い(名詞)
	0
1385		
crowd
群衆，大衆(名詞)
	0
1386		
emotional
感情の，情緒の(形容詞)
	0
1387		
revenue
収益，所得(名詞)
	0
1388		
neighborhood
近所，近隣(名詞)
	0
1389		
concern
心配する，に関係する(動詞)
	0
1390		
remember
覚えている，を思い出す(動詞)
	0
1391		
guilty
有罪の，罪のある(形容詞)
	0
1392		
fascinate
魅了する，魅惑する(動詞)
	0
1393		
trigger
引き金，誘因(名詞)
	0
1394		
distinction
区別，相違(名詞)
	0
1395		
transform
を変える，を改変する(動詞)
	0
1396		
transfer
を移す，を転送する(動詞)
	0
1397		
order
命令，指令(名詞)
	0
1398		
hide
隠す，隠れる(動詞)
	0
1399		
solid
固い，固形の(形容詞)
	0
1400		
plain
簡素な，わかりやすい(形容詞)
	0
1401		
ease
容易さ，気楽さ(名詞)
	0
1402		
stretch
広がる，拡大する(動詞)
	0
1403		
amendment
修正，改訂(名詞)
	0
1404		
frighten
怖がらせる，恐れさせる(動詞)
	0
1405		
heel
かかと，きびす(名詞)
	0
1406		
perceive
知覚する，感じる(動詞)
	0
1407		
rational
理性的な，合理的な(形容詞)
	0
1408		
faith
信頼，信用(名詞)
	0
1409		
conviction
信念，確信(名詞)
	0
1410		
agent
代理人，代表者(名詞)
	0
1411		
rural
田舎の，農村の(形容詞)
	0
1412		
pioneer
開拓者，先駆者(名詞)
	0
1413		
humanity
人間，人間性(名詞)
	0
1414		
within
以内で，内部で(前置詞)
	0
1415		
respect
尊敬，敬意(名詞)
	0
1416		
sweep
掃く，払う(動詞)
	0
1417		
display
展示する，陳列する(動詞)
	0
1418		
own
自身の，自分自身の(形容詞)
	0
1419		
disappoint
がっかりさせる，失望させる(動詞)
	0
1420		
hang
つるす，掛ける(動詞)
	0
1421		
transition
遷移，変遷(名詞)
	0
1422		
decision
決定，結論(名詞)
	0
1423		
aware
気づいている，知っている(形容詞)
	0
1424		
reward
褒美，報酬(名詞)
	0
1425		
uncomfortable
心地の悪い，不快な(形容詞)
	0
1426		
civilized
発達した文明をもつ，教養の高い(形容詞)
	0
1427		
aggressive
攻撃的な，侵略的な(形容詞)
	0
1428		
infant
乳児，赤ちゃん(名詞)
	0
1429		
means
手段，方法(名詞)
	0
1430		
useless
役に立たない，むだな(形容詞)
	0
1431		
briefly
簡単に，手短に(副詞)
	0
1432		
site
場所，地点(名詞)
	0
1433		
nature
自然，天然(名詞)
	0
1434		
dialect
方言，地域言語(名詞)
	0
1435		
genius
天才，才人(名詞)
	0
1436		
conduct
行為，行動(名詞)
	0
1437		
insect
昆虫，虫(名詞)
	0
1438		
demonstrate
実証する，証明する(動詞)
	0
1439		
painful
苦痛な，痛い(形容詞)
	0
1440		
circuit
回路，巡回(名詞)
	0
1441		
regime
政権，政府(名詞)
	0
1442		
awake
目を覚ましている，覚醒している(形容詞)
	0
1443		
useful
役に立つ，有用な(形容詞)
	0
1444		
entertainment
娯楽，楽しみ(名詞)
	0
1445		
express
表現する，を言い表す(動詞)
	0
1446		
sacrifice
犠牲，捧げ物(名詞)
	0
1447		
devise
考え出す，工夫する(動詞)
	0
1448		
intimate
親密な，密接な(形容詞)
	0
1449		
seldom
めったに～しない，稀に(副詞)
	0
1450		
criticism
批判，評価(名詞)
	0
1451		
price
値段，価格(名詞)
	0
1452		
invisible
見えない，不可視な(形容詞)
	0
1453		
present
現在の，出席して(形容詞)
	0
1454		
somehow
どうにか，何とか(副詞)
	0
1455		
agreement
同意，賛成(名詞)
	0
1456		
although
だけれども，しかし(接続詞)
	0
1457		
advocate
提唱する，主張する(動詞)
	0
1458		
increasingly
ますます，更に(副詞)
	0
1459		
govern
統治する，支配する(動詞)
	0
1460		
electronic
電子の，電子式の(形容詞)
	0
1461		
necessarily
必然的に，必ず(副詞)
	0
1462		
severe
厳しい，厳格な(形容詞)
	0
1463		
convenient
都合がよい，便利な(形容詞)
	0
1464		
due
期限の，納期の(形容詞)
	0
1465		
coast
海岸，沿岸地域(名詞)
	0
1466		
extreme
極端な，過激な(形容詞)
	0
1467		
relief
安堵，軽減(名詞)
	0
1468		
edge
端，縁(名詞)
	0
1469		
vice
副担当の，代理の(形容詞)
	0
1470		
national
国の，国民の(形容詞)
	0
1471		
vulnerable
傷つきやすい，繊細(形容詞)
	0
1472		
evolution
進化，発展(名詞)
	0
1473		
slight
かすかな，わずかの(形容詞)
	0
1474		
rely
頼る，依存する(動詞)
	0
1475		
globe
地球，地球体(名詞)
	0
1476		
constitution
憲法，構成，組織(名詞)
	0
1477		
prompt
即座の，直ちに(形容詞)
	0
1478		
restriction
制限，限定(名詞)
	0
1479		
rapid
急速な，急激な(形容詞)
	0
1480		
inspector
検査官，監査人(名詞)
	0
1481		
essentially
本質的に，根本的に(副詞)
	0
1482		
select
を選び出す，を選ぶ(動詞)
	0
1483		
carbon
炭素，炭素素子(名詞)
	0
1484		
sudden
突然の，急な(形容詞)
	0
1485		
deliberately
故意に，慎重に(副詞)
	0
1486		
significant
重要な，大切な(形容詞)
	0
1487		
employ
雇う，採用する(動詞)
	0
1488		
latest
最新の，最先端の(形容詞)
	0
1489		
tough
頑強な，丈夫な(形容詞)
	0
1490		
tide
潮，潮流(名詞)
	0
1491		
asset
資産，財産(名詞)
	0
1492		
origin
起源，由来(名詞)
	0
1493		
popular
人気のある，評判の良い(形容詞)
	0
1494		
colony
植民地，入植地(名詞)
	0
1495		
distribution
分布，配分(名詞)
	0
1496		
plot
話の筋，物語の筋(名詞)
	0
1497		
mortgage
抵当，担保(名詞)
	0
1498		
drug
麻薬，薬(名詞)
	0
1499		
possibly
ひょっとすると，もしかしたら(副詞)
	0
1500		
advice
助言，忠告(名詞)
	0
1501		
industrialize
産業化する，工業化する(動詞)
	0
1502		
complain
不満を言う，不平を言う(動詞)
	0
1503		
county
州，郡(名詞)
	0
1504		
supporter
支援者，後援者(名詞)
	0
1505		
federal
連邦の，連邦制の(形容詞)
	0
1506		
fur
毛皮，皮毛(名詞)
	0
1507		
commercial
商業の，商取引の(形容詞)
	0
1508		
aggression
攻撃性，侵略(名詞)
	0
1509		
entire
全体の，全部の(形容詞)
	0
1510		
silly
馬鹿な，愚かな(形容詞)
	0
1511		
brick
れんが，れんが状のもの(名詞)
	0
1512		
basis
土台，根拠(名詞)
	0
1513		
protect
を守る，保護する(動詞)
	0
1514		
confirm
確認する，確かめる(動詞)
	0
1515		
broad
広い，拡大する(形容詞)
	0
1516		
prior
優先の，前の(形容詞)
	0
1517		
consequence
結果，影響(名詞)
	0
1518		
pretty
かなり，相当に(副詞)
	0
1519		
manufacturer
製造元，製造業者(名詞)
	0
1520		
exhibition
展示，展覧(名詞)
	0
1521		
cruise
巡航する，航行する(動詞)
	0
1522		
extraordinary
普通でない，異常な(形容詞)
	0
1523		
leisure
余暇，自由時間(名詞)
	0
1524		
multiple
掛け算する，乗算する(動詞)
	0
1525		
variation
変化，変動(名詞)
	0
1526		
suit
適合する，合致する(動詞)
	0
1527		
teenager
十代，少年期(名詞)
	0
1528		
bare
裸の，露出の(形容詞)
	0
1529		
minority
少数派，少数群(名詞)
	0
1530		
rapidly
素早く，迅速に(副詞)
	0
1531		
odd
変な，奇妙な(形容詞)
	0
1532		
lawn
芝生，草地(名詞)
	0
1533		
consist
成り立つ，構成する(動詞)
	0
1534		
duty
職務，関税(名詞)
	0
1535		
period
期間，周期(名詞)
	0
1536		
comprehensive
包括的な，理解力のある(形容詞)
	0
1537		
achievement
達成，成就(名詞)
	0
1538		
sum
合計，総計(名詞)
	0
1539		
seem
の様に見える，思われる(動詞)
	0
1540		
implement
実施する/道具，手段(動詞)
	0
1541		
interior
内部の，内側の(形容詞)
	0
1542		
calculate
計算する，算出する(動詞)
	0
1543		
dominate
を支配する，を統制する(動詞)
	0
1544		
obligation
義務，責任(名詞)
	0
1545		
joy
喜び，歓喜(名詞)
	0
1546		
throat
のど，咽喉(名詞)
	0
1547		
imagination
想像，仮想(名詞)
	0
1548		
democrat
民主主義者，民主派(名詞)
	0
1549		
chapter
章，区切り(名詞)
	0
1550		
hell
地獄，奈落(名詞)
	0
1551		
lean
傾く，寄りかかる(動詞)
	0
1552		
pan
フライパン(名詞)
	0
1553		
blast
爆風，突風(名詞)
	0
1554		
exist
存在する，実在する(動詞)
	0
1555		
politician
政治家，政府要人(名詞)
	0
1556		
industrial
産業の，工業の(形容詞)
	0
1557		
merchant
商人，販売者(名詞)
	0
1558		
assembly
集合，群集(名詞)
	0
1559		
focus
焦点，中心(名詞)
	0
1560		
actual
現実の，事実の(形容詞)
	0
1561		
universe
宇宙，宙域(名詞)
	0
1562		
nerve
神経，神経線(名詞)
	0
1563		
mostly
主に，ほとんど(副詞)
	0
1564		
criminal
犯罪の，違法の(形容詞)
	0
1565		
passage
一節，節分(名詞)
	0
1566		
logic
論理，理論(名詞)
	0
1567		
arise
起こる，現れる(動詞)
	0
1568		
whatever
なんでも，何もかも(代名詞)
	0
1569		
rebel
反逆者，造反者(名詞)
	0
1570		
encounter
遭遇する，出会う(動詞)
	0
1571		
depress
落胆させる，失望させる(動詞)
	0
1572		
widely
広範囲に，多くの範囲に(副詞)
	0
1573		
expansion
拡張，拡大，増幅(名詞)
	0
1574		
existence
存在，実在(名詞)
	0
1575		
peculiar
奇妙な，変わった(形容詞)
	0
1576		
strict
厳しい，厳格な(形容詞)
	0
1577		
firm
しっかりした，堅い(形容詞)
	0
1578		
desperate
やけくその，軽率な(形容詞)
	0
1579		
sort
種類，類(名詞)
	0
1580		
personally
個人的に，本人自ら(副詞)
	0
1581		
urge
強く促す，早める(動詞)
	0
1582		
blood
血，血液(名詞)
	0
1583		
institution
制度，設立(名詞)
	0
1584		
facility
施設，手洗い，便利さ(名詞)
	0
1585		
crew
乗組員，船員(名詞)
	0
1586		
index
索引，目次(名詞)
	0
1587		
unpleasant
不愉快な，不快な(形容詞)
	0
1588		
etc
等々，などなど(名詞)
	0
1589		
elementary
初級の，入門の(形容詞)
	0
1590		
viewer
観察者，視聴者，監視人(名詞)
	0
1591		
spiritual
精神の，心の(形容詞)
	0
1592		
conference
会議，対話(名詞)
	0
1593		
freeze
凍る，氷結(動詞)
	0
1594		
debate
討論，議論(名詞)
	0
1595		
swallow
を飲み込む，嚥下する(動詞)
	0
1596		
convey
伝える，運ぶ(動詞)
	0
1597		
honor
名誉，特権，栄誉(名詞)
	0
1598		
traffic jam
交通渋滞，道路渋滞(名詞)
	0
1599		
concrete
具体的な，明確な(形容詞)
	0
1600		
laboratory
実験室，研究所(名詞)
	0
1601		
capable
可能性がある，才能のある(形容詞)
	0
1602		
treasure
宝，財産(名詞)
	0
1603		
reserve
を取っておく，を保管する(動詞)
	0
1604		
phenomenon
現象，事象(名詞)
	0
1605		
chest
たんす，チェスト(名詞)
	0
1606		
bite
を噛む，かじる(動詞)
	0
1607		
proper
適切な，ふさわしい(形容詞)
	0
1608		
rub
こする，さする(動詞)
	0
1609		
shortly
まもなく，近々(副詞)
	0
1610		
term
期間，専門用語(名詞)
	0
1611		
psychological
心理的な，精神的な(形容詞)
	0
1612		
right
正しい，正確な(形容詞)
	0
1613		
inclined
傾いた，(し)がちで(形容詞)
	0
1614		
attract
引きつける，魅了する(動詞)
	0
1615		
headquarters
本部，中心(名詞)
	0
1616		
highlight
目立たせる，最も明るい部分(動詞)
	0
1617		
owe
を借りている，借用する(動詞)
	0
1618		
accustomed
慣れている，いつもの(形容詞)
	0
1619		
portion
部分，一部分(名詞)
	0
1620		
mad
狂った，狂気じみた(形容詞)
	0
1621		
buyer
買い手，購入者(名詞)
	0
1622		
till
まで，至る(前置詞)
	0
1623		
destruction
破壊，壊滅(名詞)
	0
1624		
injury
怪我，負傷(名詞)
	0
1625		
confusion
混乱，無秩序(名詞)
	0
1626		
employer
雇用者，雇い主(名詞)
	0
1627		
crop
収穫物，作物(名詞)
	0
1628		
nervous
神経質な，びくびくして(形容詞)
	0
1629		
companion
仲間，同志(名詞)
	0
1630		
distance
距離，間隔(名詞)
	0
1631		
impression
印象，感じ(名詞)
	0
1632		
confront
直面させる，に立ち向かう(動詞)
	0
1633		
path
小道，細道(名詞)
	0
1634		
suppress
抑える，抑圧する(動詞)
	0
1635		
decline
断る，拒否する(動詞)
	0
1636		
truth
真実，事実(名詞)
	0
1637		
intellectual
知的な，知識に関する(形容詞)
	0
1638		
jail
刑務所，拘置所(名詞)
	0
1639		
cease
やめる，中止する(動詞)
	0
1640		
pile
積み重ね，累積(名詞)
	0
1641		
cover
を覆う，隠す(動詞)
	0
1642		
finance
財政，財務(名詞)
	0
1643		
cast
投げる，放る(動詞)
	0
1644		
distinct
他と違った，別の(形容詞)
	0
1645		
conservation
保全，保護(名詞)
	0
1646		
prosecutor
検察官，検事(名詞)
	0
1647		
task
仕事，職業(名詞)
	0
1648		
initially
最初は，初めて(副詞)
	0
1649		
behalf
代わって，の代わりに(名詞)
	0
1650		
region
地域，領域(名詞)
	0
1651		
prefer
より好む，好む(動詞)
	0
1652		
perspective
見解，見通し(名詞)
	0
1653		
income
所得，収入(名詞)
	0
1654		
identical
同一の，全く同じの(形容詞)
	0
1655		
impressive
印象的な，鮮烈な(形容詞)
	0
1656		
polite
礼儀正しい，丁寧な(形容詞)
	0
1657		
executive
実行する，実施する(形容詞)
	0
1658		
rough
ごつごつした，粗い(形容詞)
	0
1659		
proposed
提案した，提供した(形容詞)
	0
1660		
province
州，地方(名詞)
	0
1661		
personality
人格，性格(名詞)
	0
1662		
stake
くい，掛け金(名詞)
	0
1663		
goal
目標，目的(名詞)
	0
1664		
girlfriend
女友達，女の友人(名詞)
	0
1665		
forward
前方へ，前に(副詞)
	0
1666		
narrow
幅が狭い，細い(形容詞)
	0
1667		
divorce
離婚/離婚する(名詞)
	0
1668		
apart
離れて，遠くに(副詞)
	0
1669		
emphasis
強調，重視(名詞)
	0
1670		
shooting
撮影，射撃(名詞)
	0
1671		
inhabitant
居住者，住人(名詞)
	0
1672		
recession
不況，後退(名詞)
	0
1673		
passive
受身の，消極的な(形容詞)
	0
1674		
subtle
微妙な，繊細な(形容詞)
	0
1675		
competitive
競争力のある，競争による(形容詞)
	0
1676		
clothing
衣料品，服(名詞)
	0
1677		
wise
賢い，賢明な(形容詞)
	0
1678		
pursuit
追跡，追跡行為(名詞)
	0
1679		
settlement
移住，定住(名詞)
	0
1680		
seize
つかむ，把握する(動詞)
	0
1681		
partnership
共同，提携(名詞)
	0
1682		
expression
表現，言い回し(名詞)
	0
1683		
dispute
争議/論争する(名詞)
	0
1684		
contrary
反対の，逆の(形容詞)
	0
1685		
expand
拡大する，広がる(動詞)
	0
1686		
intelligence
知能，知性(名詞)
	0
1687		
shortage
不足，欠乏(名詞)
	0
1688		
compound
調合する，調合品を作る(動詞)
	0
1689		
defeat
負かす，打ち破る(動詞)
	0
1690		
assumption
想定，仮説(名詞)
	0
1691		
sustain
保持する，維持する(動詞)
	0
1692		
initiative
主導権，自発性(名詞)
	0
1693		
bow
お辞儀する，頭を下げる(動詞)
	0
1694		
examination
試験，実験(名詞)
	0
1695		
confidence
自信，信頼(名詞)
	0
1696		
yield
産出する，生ずる(動詞)
	0
1697		
firmly
堅く，確固として(副詞)
	0
1698		
engaged
に従事して，忙しくして(形容詞)
	0
1699		
impulse
衝動，衝力(名詞)
	0
1700		
destroy
を破壊する，を壊す(動詞)
	0
1701		
steady
着実な，安定した(形容詞)
	0
1702		
element
要素，元素(名詞)
	0
1703		
dealer
販売業者，売り手(名詞)
	0
1704		
mysterious
不可解な，不思議な(形容詞)
	0
1705		
comparison
比較，対照(名詞)
	0
1706		
communist
共産主義者，共産党員(名詞)
	0
1707		
republic
共和国，共和制国家(名詞)
	0
1708		
expose
明らかにする，明示する(動詞)
	0
1709		
department
部門，課(名詞)
	0
1710		
explanation
説明，解説(名詞)
	0
1711		
isolate
を孤立させる，隔離する(動詞)
	0
1712		
proceed
進む，始める(動詞)
	0
1713		
explore
探索する，調査する(動詞)
	0
1714		
regarding
に関して，について(前置詞)
	0
1715		
stupid
馬鹿な，愚かな(形容詞)
	0
1716		
alive
生きている，存命の(形容詞)
	0
1717		
dramatic
劇的な，感動的な(形容詞)
	0
1718		
potential
潜在的な，潜伏している(形容詞)
	0
1719		
approval
承認，認可(名詞)
	0
1720		
dare
思い切ってする，断行する(動詞)
	0
1721		
activist
行動主義者，活動家(名詞)
	0
1722		
effectively
効果的に，事実上(副詞)
	0
1723		
strain
張る，伸ばす(動詞)
	0
1724		
shame
恥，羞恥(名詞)
	0
1725		
cash
現金，手元資金(名詞)
	0
1726		
asleep
眠っている，寝ている(形容詞)
	0
1727		
mass
塊，大部分(名詞)
	0
1728		
latter
後者の，後半の(形容詞)
	0
1729		
absolutely
絶対に，必ず(副詞)
	0
1730		
intention
意図，目的(名詞)
	0
1731		
science
科学，自然科学(名詞)
	0
1732		
split
割る，裂く(動詞)
	0
1733		
diminish
減らす，小さくする(動詞)
	0
1734		
positive
自信のある，確信している(形容詞)
	0
1735		
remote
遠い，遠隔の(形容詞)
	0
1736		
collect
集める，収集する(動詞)
	0
1737		
equivalent
等しい，同等の(形容詞)
	0
1738		
bear
我慢する，を圧迫する(動詞)
	0
1739		
empire
帝国，王国(名詞)
	0
1740		
navy
海軍，水軍(名詞)
	0
1741		
significance
重要性，意義(名詞)
	0
1742		
practical
実用的な，有用な(形容詞)
	0
1743		
guess
推測する，予想する(動詞)
	0
1744		
agriculture
農業，耕作(名詞)
	0
1745		
leap
跳ぶ，はねる(動詞)
	0
1746		
empty
何も入っていない，空っぽの(形容詞)
	0
1747		
insight
洞察，洞察力(名詞)
	0
1748		
verbal
言葉の，語句の(形容詞)
	0
1749		
unit
単位，員数(名詞)
	0
1750		
evil
邪悪な，悪しき(形容詞)
	0
1751		
newly
新たに，最近(副詞)
	0
1752		
automobile
自動車，乗用車(名詞)
	0
1753		
university
大学，大学校(名詞)
	0
1754		
publication
出版物，刊行物(名詞)
	0
1755		
past
過去の，終わった(形容詞)
	0
1756		
contrast
対照，比較(名詞)
	0
1757		
immigrant
移民，移住者(名詞)
	0
1758		
lack
不足，欠乏(名詞)
	0
1759		
brief
短い，短時間の(形容詞)
	0
1760		
cop
警官，警察官(名詞)
	0
1761		
eager
強く望んでいる，切望している(形容詞)
	0
1762		
crown
王冠，王座(名詞)
	0
1763		
observer
観察者，傍観者(名詞)
	0
1764		
nod
うなずく，会釈する(動詞)
	0
1765		
investment
投資，出資(名詞)
	0
1766		
scientific
科学の，理科の(形容詞)
	0
1767		
constitute
構成する，組み立てる(動詞)
	0
1768		
moral
道徳の，道徳的な(形容詞)
	0
1769		
voter
投票者，選挙人(名詞)
	0
1770		
remarkable
目立った，際立った(形容詞)
	0
1771		
mere
単なる，ただの(形容詞)
	0
1772		
belong
に属する，所属する(動詞)
	0
1773		
pursue
追い求める，追跡する(動詞)
	0
1774		
totally
完全に，全く(副詞)
	0
1775		
patient
我慢強い，患者(名詞)
	0
1776		
match
試合，競技(名詞)
	0
1777		
weather
天候，天気(名詞)
	0
1778		
survival
生存，生き残ること(名詞)
	0
1779		
fellow
仲間，友人(名詞)
	0
1780		
towards
の方へ，向かって(前置詞)
	0
1781		
aircraft
航空機，飛行機(名詞)
	0
1782		
legislation
立法，法制定(名詞)
	0
1783		
wherever
どこでも，どの場所でも(接続詞)
	0
1784		
tax
税金，税収(名詞)
	0
1785		
nuclear
核の，中心の(形容詞)
	0
1786		
internal
内部の，内側の(形容詞)
	0
1787		
enterprise
会社，事業(名詞)
	0
1788		
initial
当初の，最初の(形容詞)
	0
1789		
division
分割，割り当て(名詞)
	0
1790		
parallel
平行の，並行の(形容詞)
	0
1791		
preference
好み，好き(名詞)
	0
1792		
consideration
考慮，考察(名詞)
	0
1793		
expectation
期待，予想(名詞)
	0
1794		
literally
文字通りに，直訳で(副詞)
	0
1795		
grave
墓，墓地(名詞)
	0
1796		
laughter
笑い，笑顔(名詞)
	0
1797		
found
設立する，創立する(動詞)
	0
1798		
terror
恐怖，恐れ(名詞)
	0
1799		
suitable
適した，好都合な(形容詞)
	0
1800		
reference
参照，参考(名詞)
	0
1801		
fabric
織物，布地(名詞)
	0
1802		
length
長さ，延長(名詞)
	0
1803		
deny
を否定する，拒否する(動詞)
	0
1804		
satellite
衛星，人工衛星(名詞)
	0
1805		
steadily
着実に，確実に(副詞)
	0
1806		
fundamental
基本的な，基礎の(形容詞)
	0
1807		
strategy
戦略，戦術(名詞)
	0
1808		
virtually
実質的に，事実上(副詞)
	0
1809		
partly
部分的に，一部分(副詞)
	0
1810		
profession
職業，仕事(名詞)
	0
1811		
undergo
経験する，体験する(動詞)
	0
1812		
congress
会議，集会(名詞)
	0
1813		
given
与えられた，授与された(形容詞)
	0
1814		
traffic
交通，運輸(名詞)
	0
1815		
mainly
主に，もっぱら(副詞)
	0
1816		
cave
ほら穴，洞窟(名詞)
	0
1817		
fancy
空想，想像(名詞)
	0
1818		
wisdom
知恵，賢明さ(名詞)
	0
1819		
blink
瞬きをする，瞬間を過ごす(動詞)
	0
1820		
scholar
学者，研究者(名詞)
	0
1821		
rid
を取り除く，除去する(動詞)
	0
1822		
privilege
特権，特典(名詞)
	0
1823		
method
方法，手段(名詞)
	0
1824		
establishment
設立，創立(名詞)
	0
1825		
shrug
肩をすくめる，無視する(動詞)
	0
1826		
aloud
声に出して，大声で(副詞)
	0
1827		
continue
をし続ける，続ける(動詞)
	0
1828		
master
主人，支配人(名詞)
	0
1829		
rating
評価，鑑定(名詞)
	0
1830		
extra
余分の，特別の(形容詞)
	0
1831		
flee
逃げる，逃走する(動詞)
	0
1832		
administration
機関，運営(名詞)
	0
1833		
die
死ぬ，亡くなる(動詞)
	0
1834		
throughout
至るところに，終始(前置詞)
	0
1835		
shit
大便，便(名詞)
	0
1836		
tradition
伝統，慣習(名詞)
	0
1837		
typical
典型的な，代表的な(形容詞)
	0
1838		
weigh
重さがある，の重さを量る(動詞)
	0
1839		
unlikely
起こりそうにない，ありそうもない(形容詞)
	0
1840		
weight
重さ，体重(名詞)
	0
1841		
normally
通常は，普通に(副詞)
	0
1842		
retain
保持する，持ち続ける(動詞)
	0
1843		
overwhelming
圧倒的な，支配的な(形容詞)
	0
1844		
promotion
昇進，進級(名詞)
	0
1845		
massive
巨大な，大規模な(形容詞)
	0
1846		
desirable
望ましい，理想的な(形容詞)
	0
1847		
stare
じっと見つめる，しきりに観察する(動詞)
	0
1848		
application
適用，応用(名詞)
	0
1849		
grasp
つかむ，把握する(動詞)
	0
1850		
fat
太った，肥満した(形容詞)
	0
1851		
gene
遺伝子，遺因(名詞)
	0
1852		
contract
契約，協定(名詞)
	0
1853		
discuss
について議論する，検討する(動詞)
	0
1854		
court
裁判所，法廷(名詞)
	0
1855		
analysis
分析，解析(名詞)
	0
1856		
generate
発生させる，起こす(動詞)
	0
1857		
regardless
にも関わらず，不注意で(副詞)
	0
1858		
fire
首にする，火をつける/火，火事(動詞)
	0
1859		
entitle
と題する，と名づける(動詞)
	0
1860		
bury
埋める，充填する(動詞)
	0
1861		
pit
くぼみ，凹み(名詞)
	0
1862		
critical
極めて重要な，非常に大事な(形容詞)
	0
1863		
crisis
危機，困難(名詞)
	0
1864		
flood
洪水，氾濫(名詞)
	0
1865		
wildlife
野生動物，野生生物(名詞)
	0
1866		
wrong
間違い，誤った(形容詞)
	0
1867		
wear
身につけている，着用している(動詞)
	0
1868		
earn
稼ぐ，得る(動詞)
	0
1869		
import
輸入する，直輸入する(動詞)
	0
1870		
retirement
退職，引退(名詞)
	0
1871		
stream
流れ，水流(名詞)
	0
1872		
species
種，種族(名詞)
	0
1873		
recovery
回復，復元(名詞)
	0
1874		
coalition
連立，連合(名詞)
	0
1875		
acquaintance
知人，友人(名詞)
	0
1876		
peer
同僚，仲間(名詞)
	0
1877		
alter
を変える，を改変する(動詞)
	0
1878		
absolute
絶対的な，完全な(形容詞)
	0
1879		
secretary
秘書，秘書官(名詞)
	0
1880		
deserve
値する，価値がある(動詞)
	0
1881		
contribute
に寄付する，捧げる(動詞)
	0
1882		
implication
含み，裏の意味(名詞)
	0
1883		
calm
穏やかな，静かな(形容詞)
	0
1884		
constantly
常に，いつも(副詞)
	0
1885		
famous
有名な，著名な(形容詞)
	0
1886		
precisely
正確に，精密に(副詞)
	0
1887		
parking
駐車場，停車場(名詞)
	0
1888		
ad
広告，宣伝(名詞)
	0
1889		
commander
司令官，指揮官(名詞)
	0
1890		
rise
上がる，昇る(動詞)
	0
1891		
gain
得る，獲得する(動詞)
	0
1892		
proud
自慢に思って，誇らしげな(形容詞)
	0
1893		
lose
失う，無くす(動詞)
	0
1894		
editor
編集者，論客(名詞)
	0
1895		
killer
殺人者，凶悪犯(名詞)
	0
1896		
material
材料，原料(名詞)
	0
1897		
breast
胸部，胸(名詞)
	0
1898		
appetite
食欲，食い気(名詞)
	0
1899		
flavor
風味，味(名詞)
	0
1900		
aim
ねらいをつける，狙う(動詞)
	0
1901		
preparation
準備，用意(名詞)
	0
1902		
investigation
調査，研究(名詞)
	0
1903		
storage
倉庫，保管場所(名詞)
	0
1904		
investor
投資家，投資者(名詞)
	0
1905		
whole
全部の，すべての(形容詞)
	0
1906		
regulation
規制，規定(名詞)
	0
1907		
existing
既存の，現存の(形容詞)
	0
1908		
fate
運命，宿命(名詞)
	0
1909		
accuse
告発する，告発(動詞)
	0
1910		
object
物体，実体(名詞)
	0
1911		
cope
対処する，処理する(動詞)
	0
1912		
racial
人種の，民族の(形容詞)
	0
1913		
judge
を判断する/裁判官(動詞)
	0
1914		
disagree
反対する，拒否する(動詞)
	0
1915		
release
解き放つ，解放する(動詞)
	0
1916		
literary
文学の，文芸の(形容詞)
	0
1917		
maybe
たぶん，おそらく(副詞)
	0
1918		
alliance
同盟，協定(名詞)
	0
1919		
thought
考えること，意見(名詞)
	0
1920		
comedy
喜劇，茶番(名詞)
	0
1921		
reply
返答する，応答する(動詞)
	0
1922		
gay
同性愛の，同性愛者の(形容詞)
	0
1923		
definite
明確な，限定的な(形容詞)
	0
1924		
attempt
試み，試練(名詞)
	0
1925		
commission
手数料，委任状(名詞)
	0
1926		
except
を除いて，除外して(前置詞)
	0
1927		
height
高さ，高度(名詞)
	0
1928		
favorite
特に好きな，お気に入りの(形容詞)
	0
1929		
harmful
有害な，害のある(形容詞)
	0
1930		
terrible
ひどい，恐ろしい(形容詞)
	0
1931		
dull
面白みのない，鈍い(形容詞)
	0
1932		
context
文脈，背景(名詞)
	0
1933		
fold
折りたたむ，畳む(動詞)
	0
1934		
suggestion
提案，案(名詞)
	0
1935		
steam
蒸気，水蒸気(名詞)
	0
1936		
extensive
広範な，広い範囲の(形容詞)
	0
1937		
mayor
市長，町長(名詞)
	0
1938		
funding
資金調達，資本集め(名詞)
	0
1939		
operator
操作者，操縦者(名詞)
	0
1940		
universal
普遍的な，万能の(形容詞)
	0
1941		
exposure
暴露，さらすこと(名詞)
	0
1942		
pose
姿勢，体勢(名詞)
	0
1943		
headline
見出し，表題(名詞)
	0
1944		
bang
ドンドン叩く/ズドンという音(動詞)
	0
1945		
likely
起こりそうな，可能性がある(形容詞)
	0
1946		
necessity
必要性，必須(名詞)
	0
1947		
financial
財政の，財務に関する(形容詞)
	0
1948		
resistance
抵抗，反対(名詞)
	0
1949		
grammar
文法，文法規則(名詞)
	0
1950		
capital
資本，首都(名詞)
	0
1951		
intend
意図する，意図して(動詞)
	0
1952		
alike
よく似た，類似の(形容詞)
	0
1953		
peak
頂上，頂点(名詞)
	0
1954		
educate
教育する，訓練する(動詞)
	0
1955		
closely
綿密に，詳細に(副詞)
	0
1956		
exactly
正確に，正確で(副詞)
	0
1957		
moment
瞬間，瞬時(名詞)
	0
1958		
extend
延びる，延長する(動詞)
	0
1959		
employee
従業員，社員(名詞)
	0
1960		
remaining
残りの，残余の(形容詞)
	0
1961		
negative
否定の，拒否(形容詞)
	0
1962		
burst
破裂する，破れる(動詞)
	0
1963		
portrait
肖像画，顔の絵(名詞)
	0
1964		
possibility
可能性，実現性(名詞)
	0
1965		
absence
不在，欠席(名詞)
	0
1966		
primary
最初の，初めての(形容詞)
	0
1967		
inferior
劣った，劣る(形容詞)
	0
1968		
interpretation
解釈，通訳(名詞)
	0
1969		
evident
明らかな，明白な(形容詞)
	0
1970		
tribe
部族，種族(名詞)
	0
1971		
maintenance
持続，保全(名詞)
	0
1972		
passenger
乗客，客(名詞)
	0
1973		
profound
深い，心からの(形容詞)
	0
1974		
significantly
かなり，相当に(副詞)
	0
1975		
agree
同意する，承認する(動詞)
	0
1976		
assure
保証する，確証する(動詞)
	0
1977		
dump
投げ捨てる，捨てる(動詞)
	0
1978		
difference
違い，差分(名詞)
	0
1979		
coal
石炭，炭(名詞)
	0
1980		
drain
排出させる，排水をする(動詞)
	0
1981		
acknowledge
を認める，認める(動詞)
	0
1982		
suspect
疑う，だと思う(動詞)
	0
1983		
gaze
凝視する，じっと見る(動詞)
	0
1984		
sure
確信して，自信をもって(形容詞)
	0
1985		
steel
鋼鉄，鉄(名詞)
	0
1986		
exclude
除く，排除する(動詞)
	0
1987		
surgery
手術，外科(名詞)
	0
1988		
add
足し算する，合計する(動詞)
	0
1989		
load
積む/積み荷(動詞)
	0
1990		
inevitable
避けられない，必然的(形容詞)
	0
1991		
female
雌の，女性の(名詞)
	0
1992		
depending
依存している，依存状態(動詞)
	0
1993		
so-called
いわゆる，通称(形容詞)
	0
1994		
accept
受け入れる，受け取る(動詞)
	0
1995		
enthusiasm
情熱，熱狂(名詞)
	0
1996		
joint
継目，関節(名詞)
	0
1997		
assessment
評価，査定(名詞)
	0
1998		
evolve
進化する，発展する(動詞)
	0
1999		
occupy
占める，取る(動詞)
	0
2000		
mention
言及する，参照する(動詞)
	0
2001		
account
銀行口座(名詞)
	0
2002		
as a matter of fact
実際のところ(熟語)
	0
2003		
commodity
商品(名詞)
	0
2004		
grace
恵み(名詞)
	0
2005		
distort
歪める(動詞)
	0
2006		
Arctic
北極地方(名詞)
	0
2007		
obsession
強迫観念(名詞)
	0
2008		
obey
従う(動詞)
	0
2009		
rule out
除外する(熟語)
	0
2010		
manipulate
操る(動詞)
	0
2011		
sue
訴える(動詞)
	0
2012		
get rid of
取り除く(熟語)
	0
2013		
Buddhist
仏教(名詞)
	0
2014		
as far as I know
私の知る限り(熟語)
	0
2015		
put off
延期する(熟語)
	0
2016		
extract
抜き取る(動詞)
	0
2017		
as if
まるで～かのように(熟語)
	0
2018		
indigenous
原産の(形容詞)
	0
2019		
slavery
奴隷制度(名詞)
	0
2020		
avenue
大通り(名詞)
	0
2021		
destination
目的地，行き先(名詞)
	0
2022		
designate
選定する(動詞)
	0
2023		
domain
領地(名詞)
	0
2024		
result in
結果として，結果～になる(熟語)
	0
2025		
infrastructure
基盤(名詞)
	0
2026		
provoke
挑発する(動詞)
	0
2027		
sole
単独の(形容詞)
	0
2028		
convict
有罪とする(動詞)
	0
2029		
apply for
を申し込む(熟語)
	0
2030		
fatigue
疲労(名詞)
	0
2031		
precede
先行する(動詞)
	0
2032		
decent
まともな(形容詞)
	0
2033		
utter
完全な(形容詞)
	0
2034		
look over
見渡す(熟語)
	0
2035		
stern
厳格な(形容詞)
	0
2036		
breed
を飼育する，繁殖する(動詞)
	0
2037		
no longer
もはや～でない(熟語)
	0
2038		
one by one
1つずつ，一つ一つ(熟語)
	0
2039		
forecast
予測する(動詞)
	0
2040		
evidence
証拠(名詞)
	0
2041		
otherwise
さもなければ(副詞)
	0
2042		
require
を必要とする，を要求する(動詞)
	0
2043		
architect
建築家(名詞)
	0
2044		
lessen
減らす(動詞)
	0
2045		
tumor
腫瘍(名詞)
	0
2046		
dormitory
寮，大部屋(名詞)
	0
2047		
suffer from
で苦しむ，悩まされる(熟語)
	0
2048		
thrust
突き上げる(動詞)
	0
2049		
handout
配布物(名詞)
	0
2050		
addicted
癖になった(形容詞)
	0
2051		
kindergarten
幼稚園(名詞)
	0
2052		
reasonable
理性のある，分別のある(形容詞)
	0
2053		
phenomenon
現象(名詞)
	0
2054		
accommodate
収容する(動詞)
	0
2055		
obscure
不明瞭な(形容詞)
	0
2056		
aisle
通路(名詞)
	0
2057		
resign
辞任する(動詞)
	0
2058		
due to
が原因で(熟語)
	0
2059		
grocery
食料品(名詞)
	0
2060		
toll
料金(名詞)
	0
2061		
transaction
取引(名詞)
	0
2062		
stiff
硬い(形容詞)
	0
2063		
put up with
に耐える(熟語)
	0
2064		
deal with
に対処する(熟語)
	0
2065		
induce
誘発する(動詞)
	0
2066		
withstand
耐える(動詞)
	0
2067		
sanitation
衛生(名詞)
	0
2068		
fraction
分数(名詞)
	0
2069		
conceal
隠す(動詞)
	0
2070		
retail
小売り(名詞)
	0
2071		
isolation
隔離(名詞)
	0
2072		
before long
間もなく(熟語)
	0
2073		
biology
生物学(名詞)
	0
2074		
in terms of
に関して，の点から(熟語)
	0
2075		
by the end of
の終わりまでに(熟語)
	0
2076		
prejudice
先入観(名詞)
	0
2077		
souvenir
お土産(名詞)
	0
2078		
bring up
持ち出す(熟語)
	0
2079		
supervisor
上司(名詞)
	0
2080		
struggle
もがき苦しむ(動詞)
	0
2081		
attribute
に帰する(動詞)
	0
2082		
subsequent
その後の(形容詞)
	0
2083		
soak
浸す(動詞)
	0
2084		
supplement
補足，追加(名詞)
	0
2085		
drought
干ばつ(名詞)
	0
2086		
rely on
に頼る，を当てにする(熟語)
	0
2087		
penetrate
貫く(動詞)
	0
2088		
conform
従う(動詞)
	0
2089		
at most
多くとも，せいぜい(熟語)
	0
2090		
scarce
乏しい(形容詞)
	0
2091		
trivial
取るに足らない(形容詞)
	0
2092		
thorough
徹底した(形容詞)
	0
2093		
urge
強く促す，早める(動詞)
	0
2094		
predator
捕食者(名詞)
	0
2095		
beverage
飲料(名詞)
	0
2096		
emperor
皇帝，天皇(名詞)
	0
2097		
soar
舞い上がる(動詞)
	0
2098		
embarrassed
恥ずかしい(形容詞)
	0
2099		
and so on
などなど(熟語)
	0
2100		
famine
食料不足(名詞)
	0
2101		
secondhand
中古の(形容詞)
	0
2102		
bureau
事務局，たんす(名詞)
	0
2103		
extinct
絶滅した(形容詞)
	0
2104		
on duty
勤務時間中で，当番の(熟語)
	0
2105		
roast
あぶり焼きにする(動詞)
	0
2106		
along with
に沿って(熟語)
	0
2107		
make fun of
をからかう(熟語)
	0
2108		
conquer
征服する(動詞)
	0
2109		
come up with
を思いつく，を考え出す(熟語)
	0
2110		
converse
逆の(形容詞)
	0
2111		
revise
改訂する(動詞)
	0
2112		
lawyer
弁護士，法律家(名詞)
	0
2113		
dip
少し浸す(動詞)
	0
2114		
look into
を調べる(熟語)
	0
2115		
optimistic
楽観的な(形容詞)
	0
2116		
neat
きちんとした(形容詞)
	0
2117		
refer
言及する(動詞)
	0
2118		
expire
期限切れの(動詞)
	0
2119		
imperial
帝国の(形容詞)
	0
2120		
hierarchy
階層(名詞)
	0
2121		
erosion
侵食(名詞)
	0
2122		
evoke
呼び起こす(動詞)
	0
2123		
chemistry
化学(名詞)
	0
2124		
habit
習慣，慣習(名詞)
	0
2125		
vanish
消える(動詞)
	0
2126		
medieval
中世の(形容詞)
	0
2127		
earnest
真剣な(形容詞)
	0
2128		
get by
どうにか切り抜ける(熟語)
	0
2129		
cope with
に対処する(熟語)
	0
2130		
savage
獰猛な(形容詞)
	0
2131		
spur
刺激(名詞)
	0
2132		
bleed
出血する(動詞)
	0
2133		
eyesight
視界(名詞)
	0
2134		
apologize
謝る，謝罪する(動詞)
	0
2135		
concentrate
集中する(動詞)
	0
2136		
utilize
利用する(動詞)
	0
2137		
fame
名声(名詞)
	0
2138		
accommodation
宿泊施設(名詞)
	0
2139		
donate
を寄付する，を寄贈する(動詞)
	0
2140		
starve
飢える(動詞)
	0
2141		
in spite of
にも関わらず(熟語)
	0
2142		
organ
臓器(名詞)
	0
2143		
domestic
国内の，自国の(形容詞)
	0
2144		
discrimination
差別/差別的な(名詞)
	0
2145		
bully
いじめっ子(名詞)
	0
2146		
bake
焼く，焼成する(動詞)
	0
2147		
ambiguous
あいまいな(形容詞)
	0
2148		
integrate
統合する(動詞)
	0
2149		
particle
分子(名詞)
	0
2150		
magnificent
壮大な(形容詞)
	0
2151		
pastime
娯楽(名詞)
	0
2152		
enrich
豊かにする(動詞)
	0
2153		
refund
払い戻す(動詞)
	0
2154		
germ
細菌(名詞)
	0
2155		
rumor
うわさ(名詞)
	0
2156		
run out of
を使い果たす，消耗する(熟語)
	0
2157		
descend
下降する(動詞)
	0
2158		
irrelevant
無関係な(形容詞)
	0
2159		
endow
寄付する(動詞)
	0
2160		
fingerprint
指紋(名詞)
	0
2161		
vending machine
自動販売機(名詞)
	0
2162		
compile
編集する(動詞)
	0
2163		
compassion
思いやり(名詞)
	0
2164		
ancestor
祖先，先祖(名詞)
	0
2165		
in case
万一に備えて(熟語)
	0
2166		
think over
熟考する，よく考える(熟語)
	0
2167		
according to
によれば，に基づいて(熟語)
	0
2168		
by degrees
徐々に(熟語)
	0
2169		
sorrow
悲しみ(名詞)
	0
2170		
approve
承認する(動詞)
	0
2171		
undertake
引き受ける(動詞)
	0
2172		
compliment
褒め言葉(名詞)
	0
2173		
hang up
中断する(熟語)
	0
2174		
overwhelm
圧倒する(動詞)
	0
2175		
confess
を打ち明ける，白状する(動詞)
	0
2176		
break out
勃発する(熟語)
	0
2177		
watch out
気を付ける(熟語)
	0
2178		
pull off
もぎ取る，成功を掴む(熟語)
	0
2179		
awkward
ぎこちない(形容詞)
	0
2180		
tame
飼いならす(動詞)
	0
2181		
appropriate
適当な，充当する(形容詞)
	0
2182		
try on
試着する(熟語)
	0
2183		
adolescent
思春期の(名詞)
	0
2184		
carry out
を成し遂げる(熟語)
	0
2185		
ambition
野望(名詞)
	0
2186		
scholarship
奨学金(名詞)
	0
2187		
get along with
とうまくやっていく(熟語)
	0
2188		
come across
を横切る，出くわす(熟語)
	0
2189		
remain
のままである，残る(動詞)
	0
2190		
emotion
感情，情熱(名詞)
	0
2191		
emergency
緊急事態，緊急(名詞)
	0
2192		
spouse
配偶者(名詞)
	0
2193		
call off
を中止する(熟語)
	0
2194		
be willing to
する気のある(熟語)
	0
2195		
shrink
縮小する(動詞)
	0
2196		
molecule
分子(名詞)
	0
2197		
document
書類(名詞)
	0
2198		
nap
昼寝(名詞)
	0
2199		
instead of
のかわりに(熟語)
	0
2200		
assemble
組み立てる(動詞)
	0
2201		
injection
注射，注入(名詞)
	0
2202		
endanger
危険にさらす(動詞)
	0
2203		
basin
盆地(名詞)
	0
2204		
suspend
つるす(動詞)
	0
2205		
stem
幹(名詞)
	0
2206		
hand in
を提出する(熟語)
	0
2207		
be engaged in
に従事している(熟語)
	0
2208		
burden
負担，重荷(名詞)
	0
2209		
a couple of
少数の(熟語)
	0
2210		
be well of
元気で(熟語)
	0
2211		
outcome
結果(名詞)
	0
2212		
retrieve
取り戻す(動詞)
	0
2213		
in shape
健康に(熟語)
	0
2214		
make sense
意味をなす(熟語)
	0
2215		
tidy
きちんとした(形容詞)
	0
2216		
reveal
明らかにする(動詞)
	0
2217		
consist of
から成り立っている(熟語)
	0
2218		
afterwards
その後(副詞)
	0
2219		
even if
たとえ～だとしても，仮に～であっても(熟語)
	0
2220		
sewage
下水(名詞)
	0
2221		
abolish
廃止する(動詞)
	0
2222		
ugly
醜い(形容詞)
	0
2223		
get over
を乗りこえる，克服する(熟語)
	0
2224		
modest
控えめな(形容詞)
	0
2225		
bloom
咲く(動詞)
	0
2226		
holy
神聖な，聖なる(形容詞)
	0
2227		
assign
割り当てる(動詞)
	0
2228		
architecture
建築(名詞)
	0
2229		
sparkle
閃光(動詞)
	0
2230		
How come
どうして～(熟語)
	0
2231		
at times
時々(熟語)
	0
2232		
fragment
断片(名詞)
	0
2233		
fare
運賃(名詞)
	0
2234		
prey
獲物(名詞)
	0
2235		
devastate
荒廃させる(動詞)
	0
2236		
show up
現れる(熟語)
	0
2237		
in contrast to
とは対照的に(熟語)
	0
2238		
nutrition
栄養，栄養素(名詞)
	0
2239		
low-income
低収入の(形容詞)
	0
2240		
leak
漏れる(動詞)
	0
2241		
exert
行使する(動詞)
	0
2242		
protocol
儀礼(名詞)
	0
2243		
toxic
有毒な(形容詞)
	0
2244		
documentary
事実を記録した(形容詞)
	0
2245		
acute
鋭角の(形容詞)
	0
2246		
prohibit
禁じる(動詞)
	0
2247		
equality
平等さ(名詞)
	0
2248		
organic
無農薬の(形容詞)
	0
2249		
formula
式(名詞)
	0
2250		
exclusive
閉鎖的な(形容詞)
	0
2251		
sincere
誠実な(形容詞)
	0
2252		
vow
誓い(名詞)
	0
2253		
in charge of
の担当をして(熟語)
	0
2254		
intuition
直感(名詞)
	0
2255		
laptop
ノートパソコン(名詞)
	0
2256		
outstanding
並外れた，目立った(形容詞)
	0
2257		
tissue
細胞組織，薄い織物(名詞)
	0
2258		
by means of
によって，を用いて(熟語)
	0
2259		
layer
層(名詞)
	0
2260		
sit up
まっすぐ座る(熟語)
	0
2261		
explode
爆発する，破裂する，激増する(動詞)
	0
2262		
irrigation
灌漑(名詞)
	0
2263		
refrain from
を控える，を遠慮する(熟語)
	0
2264		
a bunch of
たくさんの，多量の(熟語)
	0
2265		
altitude
高度(名詞)
	0
2266		
humid
湿っぽい、湿度の高い(形容詞)
	0
2267		
hemisphere
半球(名詞)
	0
2268		
salty
塩辛い(形容詞)
	0
2269		
custom
習慣，慣習(名詞)
	0
2270		
award
賞(名詞)
	0
2271		
billion
10億(名詞)
	0
2272		
ashamed
恥じて，恥ずかしくて(形容詞)
	0
2273		
definitely
もちろん，確かに(副詞)
	0
2274		
do away with
廃止する(熟語)
	0
2275		
litter
ごみ(名詞)
	0
2276		
stare at
をじっと見つめる(熟語)
	0
2277		
invade
侵略する(動詞)
	0
2278		
beat
打ち負かす(動詞)
	0
2279		
stubborn
頑固な(形容詞)
	0
2280		
settle down
定住する(熟語)
	0
2281		
harsh
厳しい(形容詞)
	0
2282		
prolong
延長する(動詞)
	0
2283		
humble
謙虚な(形容詞)
	0
2284		
reinforce
強化する(動詞)
	0
2285		
fragile
もろい(形容詞)
	0
2286		
refuge
避難(名詞)
	0
2287		
cut down
を減らす，削減する(熟語)
	0
2288		
bold
勇敢な(形容詞)
	0
2289		
breeze
そよ風(名詞)
	0
2290		
lately
最近(副詞)
	0
2291		
tuition
授業料，学費(名詞)
	0
2292		
indicate
指し示す(動詞)
	0
2293		
vivid
鮮やかな(形容詞)
	0
2294		
out of stock
在庫切れ(熟語)
	0
2295		
comprehend
理解する(動詞)
	0
2296		
accumulate
蓄積する(動詞)
	0
2297		
summon
召喚する(動詞)
	0
2298		
acquire
を身につける(動詞)
	0
2299		
pedestrian
歩行者(名詞)
	0
2300		
restrain
抑える(動詞)
	0

印刷用データ
No	英語	日本語	✖
1	as a result	結果として，その結果	0
2	however	しかしながら，どんなに～でも	0
3	environment	環境，状況	0
4	reduce	を減らす，縮小する	0
5	instead	代わりに，その代わり	0
6	in order to	～するために，～の目的で	0
7	vehicle	乗り物，車	0
8	recommend	を推薦する，を勧める	0
9	improve	を改善する，改良する	0
10	recently	最近，このごろ	0
11	customer	顧客，お客様	0
12	several	幾つかの，いくらかの	0
13	discover	を発見する，見つける	0
14	common	共通の，共同の	0
15	in particular	特に，とりわけ	0
16	disturb	を阻害する，(人の)邪魔をする	0
17	moreover	さらに，その上	0
18	not only A but also B	AだけでなくBもまた，Aと同様Bも	0
19	a number of	たくさんの，多数の	0
20	be likely to	する可能性が高い，しそうになる	0
21	benefit	利益/に利益をもたらす	0
22	deal with	に対処する，に対応する	0
23	solution	解決法，解明	0
24	inform	情報を与える，に知らせる	0
25	unable	できない，不能である	0
26	disease	病気，疾患	0
27	therefore	それゆえ，だから	0
28	unfortunately	残念なことに，不幸にも	0
29	device	装置，仕掛け	0
30	attractive	魅力的な，興味をそそる	0
31	climate	気候，天候	0
32	end up	最終的に，することになる	0
33	evidence	証拠，証明	0
34	estimate	を推定する，評価する	0
35	argue	だと主張する，感情的に論じる	0
36	according to	によると，との情報によれば	0
37	meanwhile	一方で，他方で	0
38	entirely	完全に，全く	0
39	publish	を出版する，発行する	0
40	melt	溶ける，を溶かす	0
41	expense	費用，出費，犠牲	0
42	contain	を含む，が入っている	0
43	similar	似ている，類似の	0
44	government	政府，行政府，内閣	0
45	modern	現代的な，現代の	0
46	million	100万	0
47	quit	やめる，中止する	0
48	scientist	科学者，研究者	0
49	pollution	汚染，汚れ，汚染物	0
50	foundation	土台，根拠，設立	0
51	remove	を取り除く，を除去する	0
52	compare	を比較する，をたとえる	0
53	replace	を取り換える，を交換する	0
54	lead to	に導く，～につながる	0
55	furthermore	さらに，その上	0
56	result in	結果として，結果～になる	0
57	profit	利益，もうけ	0
58	remain	のままである，残る	0
59	organize	を組織する，を編成する	0
60	suffer from	で苦しむ，悩まされる	0
61	emphasize	を強調する，力説する	0
62	more and more	ますます多くの，更に	0
63	experiment	実験，試み	0
64	consume	を消費する，消耗する	0
65	development	発展，発達，開発	0
66	detect	を検出する，を感知する	0
67	extremely	極端に，過度に	0
68	employment	雇用，採用	0
69	by chance	偶然に，たまたま	0
70	unlike	と異なって，とは違って	0
71	properly	適切に，適当に	0
72	repair	を修理する，修繕する	0
73	in addition	追加として，さらに	0
74	complicated	複雑な，繁雑な	0
75	until	までに，まで	0
76	on the other hand	一方で，他方で	0
77	arrest	を逮捕する，捕まえる	0
78	betray	を裏切る，をだます	0
79	survey	調査/を見渡す	0
80	affect	に影響を与える，に作用する	0
81	consider	について考える，だと見なす	0
82	portable	持ち運べる，携帯用の	0
83	remind	に思い出させる，に気付かせる	0
84	ability	能力，力量	0
85	allow	を許可する，許す	0
86	quality	質，特性	0
87	construction	建設，構造，建造物	0
88	develop	を発達させる，を開発する	0
89	permission	許可，認可	0
90	mess	混乱，錯乱，無秩序	0
91	convert	を変える，転換する	0
92	resident	住民，居住者	0
93	provide	を供給する，提供する	0
94	metal	金属，合金	0
95	immediately	即座に，直ちに	0
96	predict	を予想する，を予測する	0
97	religion	宗教，信仰	0
98	currency	通貨，流通	0
99	restore	を元に戻す，を修復する	0
100	accompany	に付き添う，に同行する	0
101	in detail	詳細に，具体的に	0
102	no longer	もはや～でない，既に～ない	0
103	nevertheless	にも関わらず，けれども	0
104	probably	おそらく，大抵	0
105	in contrast	対照的に，これに対して	0
106	for instance	例えば，たとえ… としても	0
107	additionally	加えて，さらに，追加で	0
108	anxiety	心配，不安	0
109	for example	例えば，たとえ… としても	0
110	brain	頭脳，脳	0
111	certain	ある，確信している	0
112	pain	痛み，苦痛	0
113	in response to	に応じて，に反応して	0
114	stare at	をじっと見つめる，を凝視する	0
115	involve	を含む，を巻き込む	0
116	at the same time	同時に，一斉に	0
117	preserved	保存された，保管された	0
118	be known as	として知られている，として認知されている	0
119	accurate	正確な，的確な	0
120	analyze	を分析する，分解する	0
121	a variety of	いろいろな，さまざまな	0
122	obtain	を手に入れる，を獲得する	0
123	sympathy	同情，思いやり	0
124	flexibility	しなやかさ，弾力性，柔軟性	0
125	approach	に近づく，接近する	0
126	manage	何とかうまくやる，管理を行う	0
127	reach out	手を延ばす，手を差し出す	0
128	for fear of	を恐れて，を怖がって	0
129	on behalf of	の代わりに，代わって	0
130	on account of	のため，目的の	0
131	artificial	人工的な，人造の	0
132	prevent A from B	AをBから防ぐ，AをBから保護する	0
133	rather than	よりむしろ，ではなくて	0
134	slightly	わずかに，少し	0
135	measure	措置，測るもの/を測る	0
136	be born with	生まれつき，生来の	0
137	waste	を浪費する/浪費，廃棄物	0
138	since then	それ以来，それ以降	0
139	turn A into B	AをBに(質的に)変える，AをBに(質的に)転換する	0
140	fertilizer	肥料，育成剤	0
141	made of	で出来ている，構成されている	0
142	adopt	を自分のものにする，を取り入れる	0
143	raise	を上げる，持ち上げる	0
144	avoid	を避ける，を回避する	0
145	make sure	を確かめる，必ず手配する	0
146	participate in	に参加する，に加わる	0
147	achieve	を達成する，到達する	0
148	tolerate	に耐える，寛大に取り扱う	0
149	journey	旅，旅行	0
150	get along	うまくやる，仲良くやる	0
151	keep up with	に遅れず付いていく，遅れないで追随する	0
152	production	生産，製造	0
153	cell	細胞，マス目	0
154	such as	のような，似たような	0
155	complete	完全な，全部の	0
156	annually	毎年の，年一回ずつ	0
157	psychologist	心理学者，精神科学者	0
158	invest in	に投資する，に資本を提供する	0
159	demand	要求，需要/を要求する	0
160	respond	反応する，と返答する	0
161	valuable	貴重な，価値のある	0
162	witness	目撃者，証人/を目撃する	0
163	poverty	貧困，貧乏，困窮	0
164	embarrass	を恥ずかしがらせる，を恥じさせる	0
165	enlarge	を拡大する，を広げる	0
166	ingredient	材料，原料，成分	0
167	overall	全体的な，全部の	0
168	spend	を費やす，使う	0
169	purchase	を購入する/購入	0
170	brilliant	優れた，光り輝く	0
171	revolution	革命，変革	0
172	in charge of	の担当をして，担当している	0
173	previously	以前は，前もって	0
174	feature	特徴，特性/を目玉とする	0
175	excuse	言い訳，弁解/を許す	0
176	rely on	に頼る，を当てにする	0
177	vote for	に賛成する，に投票する	0
178	decrease	減少する，を減らす/減少	0
179	frequent	頻繁な，しばしば起こる	0
180	theory	理論，学説	0
181	gravity	重力，引力	0
182	translate	を翻訳する，通訳する	0
183	equipment	装置，設備	0
184	rare	まれな，珍しい	0
185	decide	決心する，決定する	0
186	bank account	銀行口座，貯金口座	0
187	amount	量，額	0
188	constant	絶え間ない，一定の	0
189	efficient	効率のいい，効率的な	0
190	available	利用できる，使用可能な	0
191	particular	特定の，明確な	0
192	locate	見つける，位置を突きとめる	0
193	recommendation	推薦，推奨	0
194	apply to	に適用する，に応用する	0
195	politely	丁寧に，礼儀正しく	0
196	accidentally	誤って，知らずに	0
197	satisfy	を満足させる，を喜ばせる	0
198	appointment	予定，約束	0
199	chemical	化学物質/化学の	0
200	attach	を貼り付ける，を貼る	0
